coverage_rate,covered_elderly,average_satisfaction,min_satisfaction,drop_loss,threshold_drop_loss,distance_drop_loss,response_drop_loss,price_drop_loss,max_utilization,overload,high_util_penalty,annual_profit_yuan,score,station_count,total_capacity,total_build_cost_wan,plan_id,locations,scales
0.4498834498834498,3409.4015202815995,0.3765967365967366,0.8,3618.470261175551,4065.4904967751672,3310.9175126361597,4396.008126021119,4169.009112883199,1.016331342203601,0.016331342203601107,0.16633134220360113,1739465.670666324,-16232.60480095265,1,3000.0,45.0,3,A,大型
0.9999999999999999,7578.410633164799,0.8619813519813518,0.8,39.30527659391994,591.9639634437119,117.91582978176001,1894.6026582911998,0.0,1.0344892440641666,0.04984629469243251,0.4934211231152019,3855955.5832703216,-48731.42922266365,3,7000.0,108.0,1916,"C,D,E","小型,大型,大型"
0.9999999999999999,7578.410633164799,0.8622144522144523,0.8,39.30527659391994,591.9639634437119,117.91582978176001,1894.6026582911998,0.0,1.0344892440641666,0.04984629469243251,0.4941243476499786,3858302.170094396,-48731.44109752095,3,7000.0,108.0,1962,"C,D,G","小型,大型,大型"
0.9999999999999999,7578.410633164799,0.8638927738927737,0.8,39.30527659391994,591.9639634437119,117.91582978176001,1894.6026582911998,0.0,1.0396872058837177,0.055044256511983525,0.49861908493475293,3873181.01543256,-53929.45632386231,3,7000.0,108.0,2100,"C,E,H","小型,大型,大型"
0.9999999999999999,7578.410633164799,0.864125874125874,0.8,39.30527659391994,591.9639634437119,117.91582978176001,1894.6026582911998,0.0,1.0396872058837177,0.055044256511983525,0.4993223094695296,3875527.6022566343,-53929.4681987196,3,7000.0,108.0,2261,"C,G,H","小型,大型,大型"
0.9999999999999999,7578.410633164799,0.8596270396270396,0.8,65.3615835494399,607.597747617024,196.08475064832,1894.6026582911998,0.0,1.0396872058837177,0.055044256511983525,0.4877977103903638,3837497.714301697,-53932.064468726036,3,7000.0,108.0,2330,"C,H,I","小型,大型,大型"
0.9999999999999999,7578.410633164799,0.8655361305361304,0.8300000000000001,15.722110637567924,568.3807974873599,0.0,1894.6026582911998,0.0,1.0446219886453945,0.05997903927366033,0.5035538676964297,3889644.070612238,-58859.09152673767,3,7000.0,108.0,1306,"B,C,E","大型,小型,大型"
0.9999999999999999,7578.410633164799,0.8657692307692307,0.8300000000000001,15.722110637567924,568.3807974873599,0.0,1894.6026582911998,0.0,1.0446219886453945,0.05997903927366033,0.5042570922312064,3891990.657436312,-58859.10340159496,3,7000.0,108.0,1352,"B,C,G","大型,小型,大型"
0.9999999999999999,7578.410633164799,0.866037296037296,0.8,26.05630695551996,584.014581660672,78.16892086656,1894.6026582911998,0.0,1.0576348910380462,0.07299194166631207,0.5057453955446923,3897098.460250386,-71875.90990388289,3,7000.0,108.0,2376,"C,I,J","小型,大型,大型"
0.8962703962703962,6792.305101286399,0.754988344988345,0.8,799.3545015167998,1299.5472685985278,983.0735471692799,2366.2659774182393,786.1055318783999,1.0783745563509008,0.07837455635090085,0.37194938477367023,3617840.034671249,-77458.3167271489,2,6000.0,90.0,201,"C,E","大型,大型"
0.9999999999999999,7578.410633164799,0.8774662004662004,0.8,26.05630695551996,584.014581660672,78.16892086656,1894.6026582911998,0.0,1.088294006717262,0.10365105734552782,0.5364045112239081,3998676.8531396473,-102535.39208311505,3,7000.0,108.0,1398,"B,C,I","大型,小型,大型"
0.8962703962703962,6792.305101286399,0.7676573426573426,0.8,714.2961164382718,1240.9868227967997,690.2713181606399,2366.2659774182393,786.1055318783999,1.069386325748801,0.10546720000693699,0.40546720000693703,3728750.48672094,-104542.19317328835,2,6000.0,90.0,399,"G,I","大型,大型"
0.9999999999999999,7578.410633164799,0.8687762237762235,0.8300000000000001,15.722110637567924,568.3807974873599,0.0,1894.6026582911998,0.0,1.1227640315249363,0.15643073153524556,0.750005559958015,3623281.0706617236,-155325.44844166972,4,7000.0,113.0,5819,"B,C,D,E","中型,小型,小型,大型"
0.9999999999999999,7578.410633164799,0.8690093240093238,0.8300000000000001,15.722110637567924,568.3807974873599,0.0,1894.6026582911998,0.0,1.1227640315249363,0.15643073153524556,0.7507087844927917,3625627.657485798,-155325.46031652702,4,7000.0,113.0,5881,"B,C,D,G","中型,小型,小型,大型"
0.9999999999999999,7578.410633164799,0.8645104895104894,0.8,41.77841759308789,584.014581660672,78.16892086656,1894.6026582911998,0.0,1.1227640315249363,0.15643073153524556,0.7391841854136258,3587597.7695308607,-155330.45658653346,4,7000.0,113.0,5943,"B,C,D,I","中型,小型,小型,大型"
0.8962703962703962,6792.305101286399,0.7703379953379953,0.8,714.2961164382718,1240.9868227967997,690.2713181606399,2366.2659774182393,786.1055318783999,1.1079391116116626,0.15937703649806445,0.6093770364980645,3459849.0848964984,-158464.2114776854,3,6000.0,95.0,2281,"C,G,I","小型,中型,大型"
0.8170163170163168,6191.685144345599,0.7242890442890442,0.8,1317.8308466995195,1630.9923257191676,1641.5473381977597,2031.0670455667198,1386.7254888191997,1.1619047357764924,0.16190473577649245,0.31190473577649247,3355979.613390522,-161122.8292394594,2,6000.0,90.0,39,"A,B","大型,大型"
0.9999999999999999,7578.410633164799,0.8676223776223776,0.8,26.05630695551996,584.014581660672,78.16892086656,1894.6026582911998,0.0,1.1227640315249363,0.1694001300296215,0.7521535839080018,3616291.7590897437,-168298.9733554051,4,7000.0,113.0,8597,"C,H,I,J","小型,小型,大型,中型"
0.9999999999999999,7578.410633164799,0.9043822843822843,0.8,26.05630695551996,620.846717255424,262.32959884032,1894.6026582911998,0.0,1.1619047357764924,0.17726178640475831,0.6100152402831386,4242769.434454017,-176148.53704886165,3,7000.0,108.0,754,"A,C,I","大型,小型,大型"
0.9999999999999999,7578.410633164799,0.8572727272727273,0.8,56.79391651660783,486.0781980936191,94.06768443264,1557.5488706903038,0.0,1.166052835554519,0.18140988618278486,0.48217517287123135,3818952.325140414,-180292.11165480435,3,7000.0,108.0,708,"A,C,G","大型,小型,大型"
0.9312354312354312,7057.284494054399,0.8188811188811188,0.8,600.9732627978236,1122.8060136222718,1000.2972076991998,2207.2783417574396,521.1261391103999,1.1619047357764924,0.258976879526547,0.5589768795265471,4240781.545225827,-258005.66629384094,2,6000.0,90.0,93,"A,H","大型,大型"
0.9312354312354312,7057.284494054399,0.8258741258741257,0.8,556.1034189557757,1094.1882392033278,857.20833560448,2207.2783417574396,521.1261391103999,1.1619047357764924,0.2785971583789859,0.578597158378986,4305982.160357369,-277621.48370307253,2,6000.0,90.0,111,"A,J","大型,大型"
0.9312354312354312,7057.284494054399,0.8258741258741257,0.8,556.1034189557757,1094.1882392033278,857.20833560448,2207.2783417574396,521.1261391103999,1.1619047357764924,0.2785971583789859,0.578597158378986,4305982.160357369,-277621.48370307253,2,6000.0,90.0,57,"A,D","大型,大型"
0.55011655011655,4169.009112883199,0.45999999999999996,0.8,2989.4091827443194,3453.0347936240632,2831.3048117260796,3940.24357046016,3409.4015202815995,1.2804360997176119,0.28043609971761185,0.4304360997176119,2623951.882383734,-280167.25950796047,1,3000.0,45.0,18,F,大型
0.9999999999999999,7578.410633164799,0.8365967365967364,0.8,166.23040572979173,660.0636673850879,458.4143494886399,1894.6026582911998,0.0,1.2804360997176119,0.29676744192121296,0.596767441921213,4363417.553050058,-295674.19392093737,2,6000.0,90.0,75,"A,F","大型,大型"
0.9999999999999999,7578.410633164799,0.8508391608391607,0.8,98.92563996671974,607.597747617024,196.08475064832,1894.6026582911998,0.0,1.2966949671875336,0.3363821730712513,0.6363821730712513,4495076.260825075,-335281.97818717605,2,6000.0,90.0,228,"C,H","大型,大型"
0.9999999999999999,7578.410633164799,0.852144522144522,0.8,82.67357054361582,607.597747617024,196.08475064832,1894.6026582911998,0.0,1.2901412226139375,0.34010230352669213,0.6401023035266922,4507461.906534631,-339000.862655888,2,6000.0,90.0,192,"C,D","大型,大型"
0.9999999999999999,7578.410633164799,0.8524825174825175,0.8,75.34247401036772,584.014581660672,78.16892086656,1894.6026582911998,0.0,1.2966949671875336,0.3413169558329281,0.6413169558329281,4511539.316004753,-340214.0133900514,2,6000.0,90.0,120,"B,C","大型,大型"
0.9999999999999999,7578.410633164799,0.8529254079254078,0.8,85.6766703283198,607.597747617024,196.08475064832,1894.6026582911998,0.0,1.3019755569168123,0.34166276280053,0.64166276280053,4512501.218862809,-340561.5570596591,2,6000.0,90.0,417,"H,I","大型,大型"
0.9999999999999999,7578.410633164799,0.8545687645687645,0.8,62.09350437196778,584.014581660672,78.16892086656,1894.6026582911998,0.0,1.3019755569168123,0.3465975455622068,0.6465975455622068,4528964.274042487,-345493.59226253437,2,6000.0,90.0,174,"B,I","大型,大型"
0.9999999999999999,7578.410633164799,0.8552797202797201,0.8,59.620363372799844,591.9639634437119,117.91582978176001,1894.6026582911998,0.0,1.2901412226139375,0.347286175525368,0.647286175525368,4530959.08783143,-346182.2963579857,2,6000.0,90.0,255,"D,E","大型,大型"
0.9999999999999999,7578.410633164799,0.8474708624708625,0.8,107.14000114252778,623.2315317903359,274.25367151487995,1894.6026582911998,0.0,1.3523059433812326,0.35230594338123256,0.6250580883630062,4456995.833604991,-351206.79382856726,2,6000.0,90.0,147,"B,F","大型,大型"
0.9999999999999999,7578.410633164799,0.857191142191142,0.8,59.620363372799844,591.9639634437119,117.91582978176001,1894.6026582911998,0.0,1.3127969314612014,0.352484137344919,0.6524841373449191,4548184.51999367,-351380.3234591844,2,6000.0,90.0,327,"E,H","大型,大型"
0.9999999999999999,7578.410633164799,0.8588344988344987,0.8300000000000001,36.037197416447825,568.3807974873599,0.0,1894.6026582911998,0.0,1.3127969314612014,0.3574189201065958,0.6574189201065959,4564647.575173348,-356309.9586620597,2,6000.0,90.0,138,"B,E","大型,大型"
0.9999999999999999,7578.410633164799,0.8595337995337994,0.8,39.30527659391994,591.9639634437119,117.91582978176001,1894.6026582911998,0.0,1.325038304298572,0.3595275483627387,0.6595275483627387,4571703.57191884,-358422.2272367897,2,6000.0,90.0,273,"D,G","大型,大型"
0.9999999999999999,7578.410633164799,0.8593356643356642,0.8,46.37139373439986,584.014581660672,78.16892086656,1894.6026582911998,0.0,1.3019755569168123,0.3596104479548585,0.6596104479548586,4572101.964811498,-358505.40249481593,2,6000.0,90.0,435,"I,J","大型,大型"
0.9999999999999999,7578.410633164799,0.8604662004662004,0.8,43.36829394969588,584.014581660672,78.16892086656,1894.6026582911998,0.0,1.313286869587817,0.3632479505005717,0.6632479505005717,4584288.084645562,-362142.73519224353,2,6000.0,90.0,246,"C,J","大型,大型"
0.9999999999999999,7578.410633164799,0.8614452214452213,0.8,39.30527659391994,591.9639634437119,117.91582978176001,1894.6026582911998,0.0,1.325038304298572,0.3647255101822897,0.6647255101822898,4588929.004081078,-363620.2543379884,2,6000.0,90.0,390,"G,H","大型,大型"
0.8962703962703962,6792.305101286399,0.8625407925407924,0.9199999999999999,668.18970209664,1299.5472685985278,983.0735471692799,2366.2659774182393,786.1055318783999,1.2355154804824982,0.36683122917120903,0.6668312291712091,3857212.1963632368,-365899.4436082993,3,7000.0,108.0,2137,"C,E,I","大型,大型,小型"
0.9999999999999999,7578.410633164799,0.863088578088578,0.8300000000000001,15.722110637567924,568.3807974873599,0.0,1894.6026582911998,0.0,1.325038304298572,0.3696602929439665,0.6696602929439666,4605392.059260756,-368549.88954086375,2,6000.0,90.0,156,"B,G","大型,大型"
0.9999999999999999,7578.410633164799,0.8636013986013985,0.8300000000000001,20.315086778879902,568.3807974873599,0.0,1894.6026582911998,0.0,1.313286869587817,0.37043182249924755,0.6704318224992476,4607785.265942361,-369321.7688943412,2,6000.0,90.0,345,"E,J","大型,大型"
0.9999999999999999,7578.410633164799,0.8678554778554778,0.86,0.0,568.3807974873599,0.0,1894.6026582911998,0.0,1.325038304298572,0.38267319533661825,0.6826731953366183,4648529.750029767,-381559.29977314523,2,6000.0,90.0,408,"G,J","大型,大型"
0.8170163170163168,6191.685144345599,0.7242890442890442,0.8,1317.8308466995195,1839.6635975239676,1641.5473381977597,2726.6379515827193,1386.7254888191997,1.2463370862013154,0.4082418219778079,0.7082418219778079,3800479.613390522,-407491.5980168191,2,5000.0,77.0,38,"A,B","大型,中型"
0.9999999999999999,7578.410633164799,0.8619813519813518,0.8,39.30527659391994,591.9639634437119,117.91582978176001,1894.6026582911998,0.0,1.2901412226139375,0.41238254805170094,0.862382548051701,4300455.583270316,-411289.37576742825,3,6000.0,95.0,1915,"C,D,E","小型,大型,中型"
0.8962703962703962,6792.305101286399,0.7508624708624708,0.8,815.6065709399037,1299.5472685985278,983.0735471692799,2366.2659774182393,786.1055318783999,1.3251084426256798,0.4275129690986599,0.7275129690986599,4022697.2682380173,-426619.4537031828,2,5000.0,77.0,209,"C,F","大型,中型"
0.9999999999999999,7578.410633164799,0.8703030303030301,0.86,0.0,568.3807974873599,0.0,1894.6026582911998,0.0,1.313286869587817,0.4355281950255805,0.8855281950255806,4377281.761381247,-434426.4483037838,3,6000.0,95.0,2143,"C,E,J","小型,中型,大型"
0.9999999999999999,7578.410633164799,0.8577156177156177,0.8,65.3615835494399,607.597747617024,196.08475064832,1894.6026582911998,0.0,1.2164653287352019,0.4380881914825465,0.8880881914825466,4264772.282139462,-436999.8189642161,3,6000.0,95.0,2005,"C,D,I","小型,中型,大型"
0.9999999999999999,7578.410633164799,0.8578088578088577,0.8,62.09350437196778,584.014581660672,78.16892086656,1894.6026582911998,0.0,1.3019755569168123,0.443049237823792,0.8930492378237921,4262601.274091973,-441959.9491774665,3,6000.0,95.0,1528,"B,D,I","中型,小型,大型"
0.9999999999999999,7578.410633164799,0.8609207459207459,0.8,46.37139373439986,584.014581660672,78.16892086656,1894.6026582911998,0.0,1.3019755569168123,0.45601863631816797,0.906018636318168,4291295.263650856,-454928.4659463381,3,6000.0,95.0,3180,"H,I,J","小型,大型,中型"
0.9999999999999999,7578.410633164799,0.8572727272727273,0.8,56.79391651660783,587.194334373888,94.06768443264,1894.6026582911998,0.0,1.2761479300326697,0.45755781621545455,0.9075578162154546,4263452.325140414,-456469.16479152587,3,6000.0,95.0,700,"A,C,G","中型,小型,大型"
0.9999999999999999,7578.410633164799,0.8416083916083916,0.8,134.43287859763166,519.7305809751551,262.32959884032,1557.5488706903038,0.0,1.4622610227026884,0.46226102270268843,0.6130263093911349,4417961.035449823,-461159.93716675026,2,6000.0,90.0,48,"A,C","大型,大型"
0.9999999999999999,7578.410633164799,0.8976806526806526,0.8,46.37139373439986,620.846717255424,262.32959884032,1894.6026582911998,0.0,1.3019755569168123,0.4638802926933048,0.7638802926933048,4917772.93901513,-462778.02963979467,2,6000.0,90.0,102,"A,I","大型,大型"
0.8962703962703962,6792.305101286399,0.8159090909090909,0.8,714.2961164382718,1099.090357969536,964.5249896755199,1710.4419803174396,786.1055318783999,1.464329613193929,0.46432961319392896,0.614329613193929,4171374.716883937,-463405.2294124581,2,6000.0,90.0,372,"F,I","大型,大型"
0.8962703962703962,6792.305101286399,0.8081818181818181,0.8,759.6075926015997,1117.9038948560637,1058.59267410816,1710.4419803174396,786.1055318783999,1.464329613193929,0.46432961319392896,0.614329613193929,4103331.0685663465,-463410.6021884022,2,6000.0,90.0,354,"F,G","大型,大型"
0.8962703962703962,6792.305101286399,0.8081818181818181,0.8,759.6075926015997,1117.9038948560637,1058.59267410816,1710.4419803174396,786.1055318783999,1.464329613193929,0.46432961319392896,0.614329613193929,3364331.0685663465,-463411.3411884022,3,7000.0,108.0,2169,"C,F,G","小型,大型,大型"
0.8962703962703962,6792.305101286399,0.8029370629370628,0.8,799.3545015167998,1157.6508037712638,1257.3272186841598,1710.4419803174396,786.1055318783999,1.464329613193929,0.46432961319392896,0.614329613193929,4056952.972063953,-463416.04756619787,2,6000.0,90.0,210,"C,F","大型,大型"
0.8076923076923076,6121.0239729407995,0.732074592074592,0.8,1336.3794041932797,1745.0217910736637,1660.0958956915194,2281.0309394111996,1457.3866602239998,1.464329613193929,0.46432961319392896,0.614329613193929,3865210.345252729,-463579.7777256125,2,5000.0,77.0,306,"E,F","中型,大型"
0.8076923076923076,6121.0239729407995,0.732074592074592,0.8,1336.3794041932797,1745.0217910736637,1660.0958956915194,2281.0309394111996,1457.3866602239998,1.464329613193929,0.46432961319392896,0.614329613193929,3420710.345252729,-463580.2222256125,2,6000.0,90.0,309,"E,F","大型,大型"
0.9999999999999999,7578.410633164799,0.8663286713286712,0.8300000000000001,15.722110637567924,568.3807974873599,0.0,1894.6026582911998,0.0,1.325038304298572,0.46611198520555175,0.9161119852055518,4339029.059310242,-465016.24645579583,3,6000.0,95.0,1482,"B,D,G","中型,小型,大型"
0.9999999999999999,7578.410633164799,0.8983776223776224,0.8,39.30527659391994,646.8146977466879,392.16950129663996,1894.6026582911998,0.0,1.4321482483355736,0.4666374923997403,0.7666374923997403,4927185.315143039,-465535.7751593212,2,6000.0,90.0,264,"D,F","大型,大型"
0.9999999999999999,7578.410633164799,0.9002890442890443,0.8,39.30527659391994,646.8146977466879,392.16950129663996,1894.6026582911998,0.0,1.4321482483355736,0.4718354542192913,0.7718354542192913,4944410.747305278,-470733.8022605198,2,6000.0,90.0,363,"F,H","大型,大型"
0.9999999999999999,7578.410633164799,0.8602564102564102,0.8,50.78771694719992,598.85342765568,152.36315084159997,1894.6026582911998,0.0,1.2508552985365553,0.47602385653447166,0.9260238565344717,4278548.97895695,-474935.92580211605,3,6000.0,95.0,3069,"F,H,J","中型,小型,大型"
0.9999999999999999,7578.410633164799,0.8612703962703963,0.8,41.77841759308789,584.014581660672,78.16892086656,1894.6026582911998,0.0,1.2999577184499047,0.4760517326353422,0.9260517326353422,4298460.769481375,-474962.3476876522,3,6000.0,95.0,1390,"B,C,I","中型,小型,大型"
0.9999999999999999,7578.410633164799,0.8479603729603729,0.8,95.12760200371174,504.09679680184314,184.16067797376002,1557.5488706903038,0.0,1.4783629869763564,0.4783629869763564,0.6291282736648028,4471069.294618415,-477258.28243875876,2,6000.0,90.0,66,"A,E","大型,大型"
0.9999999999999999,7578.410633164799,0.8694405594405593,0.86,0.0,568.3807974873599,0.0,1894.6026582911998,0.0,1.325038304298572,0.4790813836999277,0.9290813836999278,4367723.048869125,-477982.36322466744,3,6000.0,95.0,3145,"G,H,J","大型,小型,中型"
0.9312354312354312,7057.284494054399,0.8928671328671328,0.9199999999999999,442.9572182438399,1080.9392695649278,790.9634874124799,2207.2783417574396,521.1261391103999,1.486873099717696,0.486873099717696,0.7651761297803614,4186770.0634066425,-485881.518176482,3,7000.0,108.0,2712,"D,H,J","大型,大型,小型"
0.9999999999999999,7578.410633164799,0.9066993006993006,0.86,0.0,623.2315317903359,274.25367151487995,1894.6026582911998,0.0,1.4321482483355736,0.48978313937361984,0.7897831393736199,5004011.493253967,-488672.84769567667,2,6000.0,90.0,381,"F,J","大型,大型"
0.9999999999999999,7578.410633164799,0.8545920745920745,0.8,56.79391651660783,486.0781980936191,94.06768443264,1557.5488706903038,0.0,1.496813086895545,0.49681308689554493,0.6475783735839914,4532353.726964859,-495704.8448365271,2,6000.0,90.0,84,"A,G","大型,大型"
0.9999999999999999,7578.410633164799,0.8505361305361305,0.8,91.06458464793577,605.2129330821119,184.16067797376002,1894.6026582911998,0.0,1.2761479300326697,0.5046808945046832,0.9546808945046833,4200423.023624076,-503599.40428376064,3,6000.0,96.0,679,"A,C,F","中型,中型,中型"
0.9999999999999999,7578.410633164799,0.8522610722610722,0.8,90.09299354111985,622.436593612032,270.27898062336,1894.6026582911998,0.0,1.286346817225571,0.5069392352269699,0.95693923522697,4204754.934168901,-505858.2804007058,3,6000.0,96.0,2542,"D,F,H","中型,中型,中型"
0.9312354312354312,7057.284494054399,0.786002331002331,0.8,571.8255295933436,1057.3561036085757,673.0476576307199,2207.2783417574396,521.1261391103999,1.490947099777472,0.5092567491595155,0.8092567491595155,4389810.49543421,-508299.3993295257,2,5000.0,77.0,126,"B,D","中型,大型"
0.9999999999999999,7578.410633164799,0.8546620046620047,0.8,74.81251522483186,504.09679680184314,184.16067797376002,1557.5488706903038,0.0,1.5120552171737303,0.5120552171737303,0.8063953322849461,3796065.7900573052,-510959.3942604079,3,7000.0,108.0,662,"A,C,E","大型,小型,大型"
0.8962703962703962,6792.305101286399,0.8584149184149183,0.9199999999999999,668.18970209664,1123.9984208897279,983.0735471692799,1781.10315172224,786.1055318783999,1.517921735857245,0.517921735857245,0.667921735857245,3817569.429930011,-516983.5285184896,3,7000.0,108.0,2065,"C,E,F","大型,小型,大型"
0.8962703962703962,6792.305101286399,0.8584149184149183,0.9199999999999999,668.18970209664,1123.9984208897279,983.0735471692799,1781.10315172224,786.1055318783999,1.517921735857245,0.517921735857245,0.667921735857245,3817569.429930011,-516983.5285184896,3,7000.0,108.0,2183,"C,F,G","大型,大型,小型"
0.4498834498834498,3409.4015202815995,0.3765967365967366,0.8,3618.470261175551,4065.4904967751672,3310.9175126361597,4396.008126021119,4169.009112883199,1.5244970133054017,0.5244970133054017,0.6744970133054017,2183965.670666324,-524428.3213430193,1,2000.0,32.0,2,A,中型
0.9999999999999999,7578.410633164799,0.857144522144522,0.8,66.50982758476785,598.85342765568,152.36315084159997,1894.6026582911998,0.0,1.4063859156908818,0.5271000915459052,0.9771000915459053,4249354.989398068,-526016.8857770642,3,6000.0,96.0,1461,"B,D,F","中型,中型,中型"
0.9999999999999999,7578.410633164799,0.8596270396270396,0.8,65.3615835494399,607.597747617024,196.08475064832,1894.6026582911998,0.0,1.4741301808175704,0.5291744373295539,0.979174437329554,4281997.714301697,-528091.2833899128,3,6000.0,95.0,2329,"C,H,I","小型,大型,中型"
0.9999999999999999,7578.410633164799,0.8612703962703963,0.8,41.77841759308789,584.014581660672,78.16892086656,1894.6026582911998,0.0,1.4741301808175704,0.5341092200912307,0.9841092200912308,4298460.769481375,-533023.3185927881,3,6000.0,95.0,1397,"B,C,I","大型,小型,中型"
0.9999999999999999,7578.410633164799,0.8622144522144523,0.8,39.30527659391994,591.9639634437119,117.91582978176001,1894.6026582911998,0.0,1.491417079436319,0.5412633741287516,0.9912633741287517,4302802.170094396,-540177.9043754287,3,6000.0,95.0,1961,"C,D,G","小型,大型,中型"
0.9999999999999999,7578.410633164799,0.8638927738927737,0.8,39.30527659391994,591.9639634437119,117.91582978176001,1894.6026582911998,0.0,1.490362242634154,0.5454064991461376,0.9954064991461377,4317681.01543256,-544321.0617028691,3,6000.0,95.0,2097,"C,E,H","小型,中型,大型"
0.9999999999999999,7578.410633164799,0.864125874125874,0.8,39.30527659391994,591.9639634437119,117.91582978176001,1894.6026582911998,0.0,1.491417079436319,0.5464613359483026,0.9964613359483027,4320027.602256634,-545375.9314766275,3,6000.0,95.0,2258,"C,G,H","小型,中型,大型"
0.9999999999999999,7578.410633164799,0.866037296037296,0.8,26.05630695551996,584.014581660672,78.16892086656,1894.6026582911998,0.0,1.4741301808175704,0.5471221224838825,0.9971221224838825,4341598.460250386,-546035.1288250696,3,6000.0,95.0,2373,"C,I,J","小型,中型,大型"
0.9999999999999999,7578.410633164799,0.8655361305361304,0.8300000000000001,15.722110637567924,568.3807974873599,0.0,1894.6026582911998,0.0,1.490362242634154,0.5503412819078144,1.0003412819078146,4334144.070612238,-549250.6969057445,3,6000.0,95.0,1305,"B,C,E","大型,小型,中型"
0.9999999999999999,7578.410633164799,0.8657692307692307,0.8300000000000001,15.722110637567924,568.3807974873599,0.0,1894.6026582911998,0.0,1.491417079436319,0.5513961187099794,1.0013961187099794,4336490.657436312,-550305.5666795027,3,6000.0,95.0,1351,"B,C,G","大型,小型,中型"
0.9999999999999999,7578.410633164799,0.8705361305361304,0.86,0.0,568.3807974873599,0.0,1894.6026582911998,0.0,1.491417079436319,0.5644090211026311,1.0144090211026313,4379628.348205323,-563314.9769117843,3,6000.0,95.0,2304,"C,G,J","小型,中型,大型"
0.9999999999999999,7578.410633164799,0.8619813519813518,0.8,39.30527659391994,591.9639634437119,117.91582978176001,1894.6026582911998,0.0,1.5517338660962499,0.5670909167245157,1.0106657451472851,4300455.583270322,-566006.6414320688,3,6000.0,95.0,1913,"C,D,E","小型,中型,大型"
0.9999999999999999,7578.410633164799,0.8622144522144523,0.8,39.30527659391994,591.9639634437119,117.91582978176001,1894.6026582911998,0.0,1.5517338660962499,0.5670909167245157,1.0113689696820618,4302802.170094396,-566006.6533069261,3,6000.0,95.0,1959,"C,D,G","小型,中型,大型"
0.8962703962703962,6792.305101286399,0.754988344988345,0.8,799.3545015167998,1299.5472685985278,983.0735471692799,2366.2659774182393,786.1055318783999,1.490362242634154,0.5687367989850549,0.868736798985055,4062340.034671249,-567849.9221061557,2,5000.0,77.0,200,"C,E","大型,中型"
0.9999999999999999,7578.410633164799,0.9051724941724942,0.8300000000000001,15.722110637567924,623.2315317903359,274.25367151487995,1894.6026582911998,0.0,1.4321482483355736,0.5732219292425533,1.0232219292425535,4694510.802534441,-572129.7943783272,3,6000.0,95.0,1459,"B,D,F","中型,小型,大型"
0.9999999999999999,7578.410633164799,0.9051724941724942,0.8300000000000001,15.722110637567924,623.2315317903359,274.25367151487995,1894.6026582911998,0.0,1.4321482483355736,0.5732219292425533,1.0232219292425535,4694510.802534441,-572129.7943783272,3,6000.0,95.0,1716,"B,F,H","中型,大型,小型"
0.8962703962703962,6792.305101286399,0.8029370629370628,0.8,799.3545015167998,1354.3980029015038,1257.3272186841598,2366.2659774182393,786.1055318783999,1.464329613193929,0.5742129224061472,0.8742129224061472,4501452.972063953,-573322.3751649341,2,5000.0,77.0,207,"C,F","中型,大型"
0.9999999999999999,7578.410633164799,0.8638927738927737,0.8,39.30527659391994,591.9639634437119,117.91582978176001,1894.6026582911998,0.0,1.5595308088255766,0.5748878594538425,1.0184626878766119,4317681.01543256,-573803.8053818978,3,6000.0,95.0,2099,"C,E,H","小型,大型,中型"
0.9999999999999999,7578.410633164799,0.864125874125874,0.8,39.30527659391994,591.9639634437119,117.91582978176001,1894.6026582911998,0.0,1.5595308088255766,0.5748878594538425,1.0191659124113885,4320027.602256634,-573803.8172567551,3,6000.0,95.0,2260,"C,G,H","小型,大型,中型"
0.9999999999999999,7578.410633164799,0.8596270396270396,0.8,65.3615835494399,607.597747617024,196.08475064832,1894.6026582911998,0.0,1.5595308088255766,0.5748878594538425,1.0076413133322228,4281997.714301697,-573806.4135267616,3,6000.0,95.0,2327,"C,H,I","小型,中型,大型"
0.9999999999999999,7578.410633164799,0.8655361305361304,0.8300000000000001,15.722110637567924,568.3807974873599,0.0,1894.6026582911998,0.0,1.5669329829680916,0.5822900335963574,1.0258648620191269,4334144.070612238,-581200.9800090941,3,6000.0,95.0,1298,"B,C,E","中型,小型,大型"
0.9999999999999999,7578.410633164799,0.8657692307692307,0.8300000000000001,15.722110637567924,568.3807974873599,0.0,1894.6026582911998,0.0,1.5669329829680916,0.5822900335963574,1.0265680865539035,4336490.657436312,-581200.9918839515,3,6000.0,95.0,1344,"B,C,G","中型,小型,大型"
0.9312354312354312,7057.284494054399,0.7811188811188811,0.8,595.4086955496956,1080.9392695649278,790.9634874124799,2207.2783417574396,521.1261391103999,1.2988150836691637,0.5851619008947346,0.8851619008947347,4345210.440205047,-584212.565967805,2,5000.0,77.0,281,"D,H","大型,中型"
0.9999999999999999,7578.410633164799,0.9082843822843824,0.86,0.0,623.2315317903359,274.25367151487995,1894.6026582911998,0.0,1.4321482483355736,0.5861913277369293,1.0361913277369292,4723204.7920933245,-585095.9111471989,3,6000.0,95.0,3076,"F,H,J","大型,小型,中型"
0.9999999999999999,7578.410633164799,0.8620512820512819,0.8,43.36829394969588,584.014581660672,78.16892086656,1894.6026582911998,0.0,1.4147570157010758,0.5874821281387668,1.037482128138767,4303481.38348492,-586399.4574780079,3,6000.0,95.0,2363,"C,H,J","大型,小型,中型"
0.9312354312354312,7057.284494054399,0.8907575757575756,0.9199999999999999,442.9572182438399,996.9408020574718,816.1365297254399,1910.5014218572799,521.1261391103999,1.591646200383314,0.5916462003833141,0.7589964218072126,4166169.503504265,-590651.1618683344,3,7000.0,108.0,1884,"B,H,J","大型,大型,小型"
0.9312354312354312,7057.284494054399,0.8907575757575756,0.9199999999999999,442.9572182438399,996.9408020574718,816.1365297254399,1910.5014218572799,521.1261391103999,1.591646200383314,0.5916462003833141,0.7589964218072126,4166169.503504265,-590651.1618683344,3,7000.0,108.0,1513,"B,D,H","大型,小型,大型"
0.9999999999999999,7578.410633164799,0.86518648018648,0.8300000000000001,20.315086778879902,568.3807974873599,0.0,1894.6026582911998,0.0,1.4147570157010758,0.5946660001374426,1.0446660001374428,4326978.564781719,-593578.4911801055,3,6000.0,95.0,2938,"E,H,J","大型,小型,中型"
0.8962703962703962,6792.305101286399,0.8081818181818181,0.8,759.6075926015997,1314.6510939863037,1058.59267410816,2366.2659774182393,786.1055318783999,1.464329613193929,0.5952214271228649,0.8952214271228649,4547831.068566347,-594326.695014139,2,5000.0,77.0,353,"F,G","大型,中型"
0.9999999999999999,7578.410633164799,0.866037296037296,0.8,26.05630695551996,584.014581660672,78.16892086656,1894.6026582911998,0.0,1.5864523365570693,0.6018093871853352,1.0345628410637153,4341598.460250386,-600724.6399696372,3,6000.0,95.0,2375,"C,I,J","小型,大型,中型"
0.8962703962703962,6792.305101286399,0.8693939393939393,0.9199999999999999,668.18970209664,1159.9826224276221,784.3390025932799,2033.540186565888,786.1055318783999,1.6075888264778833,0.6075888264778833,0.815303301537295,3622784.962477362,-606659.7787030801,4,7000.0,113.0,8364,"C,F,G,I","中型,小型,大型,小型"
0.8962703962703962,6792.305101286399,0.754988344988345,0.8,799.3545015167998,1299.5472685985278,983.0735471692799,2366.2659774182393,786.1055318783999,1.6175618345263514,0.6175618345263514,0.9111366629491208,4062340.034671249,-616677.50163929,2,5000.0,77.0,198,"C,E","中型,大型"
0.9999999999999999,7578.410633164799,0.8574242424242423,0.8,59.620363372799844,591.9639634437119,117.91582978176001,1894.6026582911998,0.0,1.293380503958558,0.6209736825928018,1.0709736825928018,4256199.806412625,-619895.2420924677,3,6000.0,95.0,2471,"D,E,I","中型,小型,大型"
0.9999999999999999,7578.410633164799,0.8905827505827504,0.8,91.41789050495986,623.4965111831038,458.4143494886399,1772.7121376179198,0.0,1.4591282174726605,0.621032953249153,0.9940848174566674,4551304.498577634,-619949.4303953196,3,6000.0,95.0,523,"A,B,F","大型,小型,中型"
0.8962703962703962,6792.305101286399,0.7676573426573426,0.8,714.2961164382718,1240.9868227967997,690.2713181606399,2366.2659774182393,786.1055318783999,1.5541213113872039,0.6235076371360049,0.9235076371360049,4173250.48672094,-622613.268228584,2,5000.0,77.0,398,"G,I","大型,中型"
0.9999999999999999,7578.410633164799,0.9565967365967365,0.9199999999999999,0.0,660.0636673850879,458.4143494886399,1894.6026582911998,0.0,1.464329613193929,0.6262343489704214,0.9262343489704215,4717565.672977587,-625123.2164039904,3,7000.0,108.0,1125,"A,F,J","大型,大型,小型"
0.9999999999999999,7578.410633164799,0.9565967365967365,0.9199999999999999,0.0,660.0636673850879,458.4143494886399,1894.6026582911998,0.0,1.464329613193929,0.6262343489704214,0.9262343489704215,4717565.672977587,-625123.2164039904,3,7000.0,108.0,524,"A,B,F","大型,小型,大型"
0.9999999999999999,7578.410633164799,0.9565967365967365,0.9199999999999999,0.0,660.0636673850879,458.4143494886399,1894.6026582911998,0.0,1.464329613193929,0.6262343489704214,0.9262343489704215,4717565.672977587,-625123.2164039904,3,7000.0,108.0,1056,"A,F,G","大型,大型,小型"
0.9999999999999999,7578.410633164799,0.9565967365967365,0.9199999999999999,0.0,660.0636673850879,458.4143494886399,1894.6026582911998,0.0,1.464329613193929,0.6262343489704214,0.9262343489704215,4717565.672977587,-625123.2164039904,3,7000.0,108.0,1079,"A,F,H","大型,大型,小型"
0.9999999999999999,7578.410633164799,0.9565967365967365,0.9199999999999999,0.0,660.0636673850879,458.4143494886399,1894.6026582911998,0.0,1.464329613193929,0.6262343489704214,0.9262343489704215,4717565.672977587,-625123.2164039904,3,7000.0,108.0,938,"A,E,F","大型,小型,大型"
0.9999999999999999,7578.410633164799,0.9565967365967365,0.9199999999999999,0.0,660.0636673850879,458.4143494886399,1894.6026582911998,0.0,1.464329613193929,0.6262343489704214,0.9262343489704215,4717565.672977587,-625123.2164039904,3,7000.0,108.0,1102,"A,F,I","大型,大型,小型"
0.9999999999999999,7578.410633164799,0.9565967365967365,0.9199999999999999,0.0,660.0636673850879,458.4143494886399,1894.6026582911998,0.0,1.464329613193929,0.6262343489704214,0.9262343489704215,4717565.672977587,-625123.2164039904,3,7000.0,108.0,685,"A,C,F","大型,小型,大型"
0.9999999999999999,7578.410633164799,0.9565967365967365,0.9199999999999999,0.0,660.0636673850879,458.4143494886399,1894.6026582911998,0.0,1.464329613193929,0.6262343489704214,0.9262343489704215,4717565.672977587,-625123.2164039904,3,7000.0,108.0,823,"A,D,F","大型,小型,大型"
0.8962703962703962,6792.305101286399,0.8159090909090909,0.8,714.2961164382718,1295.8375570997757,964.5249896755199,2366.2659774182393,786.1055318783999,1.464329613193929,0.6260548644814843,0.9260548644814843,4615874.716883937,-625156.6096030559,2,5000.0,77.0,371,"F,I","大型,中型"
0.9999999999999999,7578.410633164799,0.8645104895104894,0.8,41.77841759308789,584.014581660672,78.16892086656,1894.6026582911998,0.0,1.4741301808175704,0.630560912352816,1.230560912352816,4032097.7695308607,-629489.6755077202,4,6000.0,100.0,5942,"B,C,D,I","中型,小型,小型,中型"
0.8962703962703962,6792.305101286399,0.7676573426573426,0.8,714.2961164382718,1240.9868227967997,690.2713181606399,2366.2659774182393,786.1055318783999,1.6040794886232015,0.6401603628813375,0.9401603628813375,4173250.48672094,-639266.9931374614,2,5000.0,77.0,396,"G,I","中型,大型"
0.9999999999999999,7578.410633164799,0.8676223776223776,0.8,26.05630695551996,584.014581660672,78.16892086656,1894.6026582911998,0.0,1.4741301808175704,0.6435303108471919,1.2435303108471918,4060791.7590897437,-642458.1922765919,4,6000.0,100.0,8594,"C,H,I,J","小型,小型,中型,中型"
0.9312354312354312,7057.284494054399,0.779009324009324,0.8,616.6953734353916,1085.9738780275197,816.1365297254399,2207.2783417574396,521.1261391103999,1.4798355814858004,0.6434784476749955,0.9434784476749956,4324609.8803026695,-642534.7898068551,2,5000.0,77.0,162,"B,H","中型,大型"
0.9999999999999999,7578.410633164799,0.8690093240093238,0.8300000000000001,15.722110637567924,568.3807974873599,0.0,1894.6026582911998,0.0,1.491417079436319,0.6478478109715646,1.2478478109715647,4070127.657485798,-646771.9235944347,4,6000.0,100.0,5880,"B,C,D,G","中型,小型,小型,中型"
0.9999999999999999,7578.410633164799,0.8540559440559439,0.8,82.67357054361582,607.597747617024,196.08475064832,1894.6026582911998,0.0,1.3133239188493235,0.6496318169876492,1.0996318169876491,4230187.338696871,-648557.9957915912,3,6000.0,95.0,1995,"C,D,H","大型,小型,中型"
0.9999999999999999,7578.410633164799,0.9043822843822843,0.8,26.05630695551996,620.846717255424,262.32959884032,1894.6026582911998,0.0,1.4741301808175704,0.6513919672223287,1.101391967222329,4687269.434454017,-650307.7559700485,3,6000.0,95.0,753,"A,C,I","大型,小型,中型"
0.9999999999999999,7578.410633164799,0.9674708624708624,0.9199999999999999,0.0,623.2315317903359,274.25367151487995,1894.6026582911998,0.0,1.5440319301644996,0.6545249954122148,0.9545249954122148,4811143.953532521,-653412.6885257611,3,7000.0,108.0,1700,"B,F,G","大型,大型,小型"
0.9999999999999999,7578.410633164799,0.9674708624708624,0.9199999999999999,0.0,623.2315317903359,274.25367151487995,1894.6026582911998,0.0,1.5440319301644996,0.6545249954122148,0.9545249954122148,4811143.953532521,-653412.6885257611,3,7000.0,108.0,1746,"B,F,I","大型,大型,小型"
0.9999999999999999,7578.410633164799,0.9674708624708624,0.9199999999999999,0.0,623.2315317903359,274.25367151487995,1894.6026582911998,0.0,1.5440319301644996,0.6545249954122148,0.9545249954122148,4811143.953532521,-653412.6885257611,3,7000.0,108.0,1582,"B,E,F","大型,小型,大型"
0.9999999999999999,7578.410633164799,0.9674708624708624,0.9199999999999999,0.0,623.2315317903359,274.25367151487995,1894.6026582911998,0.0,1.5440319301644996,0.6545249954122148,0.9545249954122148,4811143.953532521,-653412.6885257611,3,7000.0,108.0,1329,"B,C,F","大型,小型,大型"
0.9999999999999999,7578.410633164799,0.9690442890442891,0.9199999999999999,0.0,622.436593612032,270.27898062336,1894.6026582911998,0.0,1.4676668548313558,0.65850830492553,0.9585083049255301,4824291.9762246385,-657396.0032809085,3,7000.0,108.0,3057,"F,H,I","大型,大型,小型"
0.9999999999999999,7578.410633164799,0.9690442890442891,0.9199999999999999,0.0,622.436593612032,270.27898062336,1894.6026582911998,0.0,1.4676668548313558,0.65850830492553,0.9585083049255301,4824291.9762246385,-657396.0032809085,3,7000.0,108.0,2767,"E,F,H","小型,大型,大型"
0.9999999999999999,7578.410633164799,0.9690442890442891,0.9199999999999999,0.0,622.436593612032,270.27898062336,1894.6026582911998,0.0,1.4676668548313558,0.65850830492553,0.9585083049255301,4824291.9762246385,-657396.0032809085,3,7000.0,108.0,2192,"C,F,H","小型,大型,大型"
0.9999999999999999,7578.410633164799,0.9690442890442891,0.9199999999999999,0.0,622.436593612032,270.27898062336,1894.6026582911998,0.0,1.4676668548313558,0.65850830492553,0.9585083049255301,4824291.9762246385,-657396.0032809085,3,7000.0,108.0,2985,"F,G,H","大型,小型,大型"
0.9999999999999999,7578.410633164799,0.8609790209790209,0.8300000000000001,36.037197416447825,568.3807974873599,0.0,1894.6026582911998,0.0,1.2999577184499047,0.6589372237455975,1.1089372237455977,4289888.293754541,-657855.3708159039,3,6000.0,95.0,1643,"B,E,I","中型,小型,大型"
0.9999999999999999,7578.410633164799,0.8718881118881118,0.86,0.0,568.3807974873599,0.0,1894.6026582911998,0.0,1.4147570157010758,0.6597623726637756,1.2597623726637757,4096475.0602206048,-658683.1705895481,4,6000.0,100.0,8258,"C,E,H,J","小型,中型,小型,中型"
0.9999999999999999,7578.410633164799,0.8721212121212121,0.86,0.0,568.3807974873599,0.0,1894.6026582911998,0.0,1.491417079436319,0.6608172094659406,1.2608172094659404,4098821.647044681,-659738.0403633064,4,6000.0,100.0,8537,"C,G,H,J","小型,中型,小型,中型"
0.9999999999999999,7578.410633164799,0.9616083916083915,0.9199999999999999,0.0,620.846717255424,262.32959884032,1894.6026582911998,0.0,1.6709894445062787,0.6709894445062787,0.9424932164403431,4772109.155377351,-669877.062851807,3,7000.0,108.0,780,"A,C,J","大型,大型,小型"
0.9999999999999999,7578.410633164799,0.9616083916083915,0.9199999999999999,0.0,620.846717255424,262.32959884032,1894.6026582911998,0.0,1.6709894445062787,0.6709894445062787,0.9424932164403431,4772109.155377351,-669877.062851807,3,7000.0,108.0,642,"A,C,D","大型,大型,小型"
0.9999999999999999,7578.410633164799,0.9616083916083915,0.9199999999999999,0.0,620.846717255424,262.32959884032,1894.6026582911998,0.0,1.6709894445062787,0.6709894445062787,0.9424932164403431,4772109.155377351,-669877.062851807,3,7000.0,108.0,734,"A,C,H","大型,大型,小型"
0.9999999999999999,7578.410633164799,0.9616083916083915,0.9199999999999999,0.0,620.846717255424,262.32959884032,1894.6026582911998,0.0,1.6709894445062787,0.6709894445062787,0.9424932164403431,4772109.155377351,-669877.062851807,3,7000.0,108.0,757,"A,C,I","大型,大型,小型"
0.9999999999999999,7578.410633164799,0.9616083916083915,0.9199999999999999,0.0,620.846717255424,262.32959884032,1894.6026582911998,0.0,1.6709894445062787,0.6709894445062787,0.9424932164403431,4772109.155377351,-669877.062851807,3,7000.0,108.0,455,"A,B,C","大型,小型,大型"
0.8962703962703962,6792.305101286399,0.7703379953379953,0.8,714.2961164382718,1240.9868227967997,690.2713181606399,2366.2659774182393,786.1055318783999,1.5541213113872039,0.6774174736271323,1.1274174736271325,3904349.0848964984,-676535.2865329811,3,5000.0,82.0,2280,"C,G,I","小型,中型,中型"
0.9999999999999999,7578.410633164799,0.8618181818181818,0.8,39.30527659391994,591.9639634437119,117.91582978176001,1894.6026582911998,0.0,1.3505145542438608,0.6783843022665854,1.1283843022665856,4298583.343267926,-677307.1115402252,3,6000.0,95.0,2432,"D,E,G","大型,小型,中型"
0.8962703962703962,6792.305101286399,0.8639160839160839,0.9199999999999999,668.18970209664,1260.4628081652477,983.0735471692799,2235.9844426406394,786.1055318783999,1.4437611525336065,0.6792766330161046,0.9792766330161047,3574060.279150892,-678362.1489159606,4,7000.0,113.0,8093,"C,E,F,I","大型,中型,小型,小型"
0.9999999999999999,7578.410633164799,0.8637296037296036,0.8,39.30527659391994,591.9639634437119,117.91582978176001,1894.6026582911998,0.0,1.3505145542438608,0.6835822640861364,1.1335822640861366,4315808.775430164,-682505.1386414239,3,6000.0,95.0,2833,"E,G,H","小型,中型,大型"
0.9999999999999999,7578.410633164799,0.9679603729603727,0.9199999999999999,0.0,605.2129330821119,184.16067797376002,1894.6026582911998,0.0,1.687091408779947,0.6870914087799469,0.9585951807140113,4825217.414545946,-685978.5525459432,3,7000.0,108.0,987,"A,E,H","大型,大型,小型"
0.9999999999999999,7578.410633164799,0.9679603729603727,0.9199999999999999,0.0,605.2129330821119,184.16067797376002,1894.6026582911998,0.0,1.687091408779947,0.6870914087799469,0.9585951807140113,4825217.414545946,-685978.5525459432,3,7000.0,108.0,501,"A,B,E","大型,小型,大型"
0.9999999999999999,7578.410633164799,0.9679603729603727,0.9199999999999999,0.0,605.2129330821119,184.16067797376002,1894.6026582911998,0.0,1.687091408779947,0.6870914087799469,0.9585951807140113,4825217.414545946,-685978.5525459432,3,7000.0,108.0,1010,"A,E,I","大型,大型,小型"
0.9999999999999999,7578.410633164799,0.9679603729603727,0.9199999999999999,0.0,605.2129330821119,184.16067797376002,1894.6026582911998,0.0,1.687091408779947,0.6870914087799469,0.9585951807140113,4825217.414545946,-685978.5525459432,3,7000.0,108.0,1033,"A,E,J","大型,大型,小型"
0.9999999999999999,7578.410633164799,0.9679603729603727,0.9199999999999999,0.0,605.2129330821119,184.16067797376002,1894.6026582911998,0.0,1.687091408779947,0.6870914087799469,0.9585951807140113,4825217.414545946,-685978.5525459432,3,7000.0,108.0,800,"A,D,E","大型,小型,大型"
0.9999999999999999,7578.410633164799,0.8653729603729603,0.8300000000000001,15.722110637567924,568.3807974873599,0.0,1894.6026582911998,0.0,1.3505145542438608,0.6885170468478132,1.1385170468478134,4332271.830609842,-687434.7738442991,3,6000.0,95.0,1604,"B,E,G","大型,小型,中型"
0.9999999999999999,7578.410633164799,0.9795337995337995,0.9199999999999999,0.0,591.9639634437119,117.91582978176001,1894.6026582911998,0.0,1.5089318177748892,0.6889944554119469,0.988994455411947,4925851.691846367,-687881.4037301736,3,7000.0,108.0,2643,"D,G,I","大型,大型,小型"
0.9999999999999999,7578.410633164799,0.8474708624708625,0.8,107.14000114252778,623.2315317903359,274.25367151487995,1894.6026582911998,0.0,1.5901217373810195,0.6925262638539995,0.9925262638539996,4901495.83360499,-691448.7178918637,2,5000.0,77.0,146,"B,F","大型,中型"
0.9999999999999999,7578.410633164799,0.8615967365967366,0.8300000000000001,25.967980491263873,568.3807974873599,0.0,1894.6026582911998,0.0,1.357762377775129,0.6936117019287726,1.1436117019287728,4299799.945620287,-692531.0398928899,3,6000.0,95.0,1156,"A,G,I","小型,大型,中型"
0.9999999999999999,7578.410633164799,0.9830885780885781,0.95,0.0,568.3807974873599,0.0,1894.6026582911998,0.0,1.5089318177748892,0.699127199993175,0.999127199993175,4959540.179188281,-698010.9526875243,3,7000.0,108.0,1815,"B,G,I","大型,大型,小型"
0.9999999999999999,7578.410633164799,0.9836013986013985,0.95,0.0,568.3807974873599,0.0,1894.6026582911998,0.0,1.4945326322606765,0.6998987295484562,0.9998987295484563,4961933.38586989,-698782.4646029107,3,7000.0,108.0,2146,"C,E,J","小型,大型,大型"
0.9999999999999999,7578.410633164799,0.8503496503496504,0.8,90.09299354111985,622.436593612032,270.27898062336,1894.6026582911998,0.0,1.5978251773497756,0.7002297038227556,1.0002297038227557,4927029.502006663,-699150.8535206688,2,5000.0,77.0,263,"D,F","大型,中型"
0.9312354312354312,7057.284494054399,0.8977505827505827,0.9199999999999999,442.9572182438399,893.7313285743359,673.0476576307199,1661.8624249766399,521.1261391103999,1.7052049362044102,0.7052049362044102,0.8552049362044102,4231370.118635805,-704210.6374599008,3,7000.0,108.0,1562,"B,D,J","大型,大型,小型"
0.9999999999999999,7578.410633164799,0.9745920745920745,0.9199999999999999,0.0,587.194334373888,94.06768443264,1894.6026582911998,0.0,1.7055415086991355,0.7055415086991355,0.9770452806331998,4886501.84689239,-704428.1816385505,3,7000.0,108.0,1171,"A,G,I","大型,大型,小型"
0.9999999999999999,7578.410633164799,0.9745920745920745,0.9199999999999999,0.0,587.194334373888,94.06768443264,1894.6026582911998,0.0,1.7055415086991355,0.7055415086991355,0.9770452806331998,4886501.84689239,-704428.1816385505,3,7000.0,108.0,547,"A,B,G","大型,小型,大型"
0.9999999999999999,7578.410633164799,0.9745920745920745,0.9199999999999999,0.0,587.194334373888,94.06768443264,1894.6026582911998,0.0,1.7055415086991355,0.7055415086991355,0.9770452806331998,4886501.84689239,-704428.1816385505,3,7000.0,108.0,1194,"A,G,J","大型,大型,小型"
0.9999999999999999,7578.410633164799,0.9745920745920745,0.9199999999999999,0.0,587.194334373888,94.06768443264,1894.6026582911998,0.0,1.7055415086991355,0.7055415086991355,0.9770452806331998,4886501.84689239,-704428.1816385505,3,7000.0,108.0,1148,"A,G,H","大型,大型,小型"
0.9999999999999999,7578.410633164799,0.9745920745920745,0.9199999999999999,0.0,587.194334373888,94.06768443264,1894.6026582911998,0.0,1.7055415086991355,0.7055415086991355,0.9770452806331998,4886501.84689239,-704428.1816385505,3,7000.0,108.0,846,"A,D,G","大型,小型,大型"
0.9999999999999999,7578.410633164799,0.9878554778554779,0.98,0.0,568.3807974873599,0.0,1894.6026582911998,0.0,1.5089318177748892,0.7121401023858267,1.0121401023858267,5002677.869957298,-711021.6206886568,3,7000.0,108.0,2882,"E,G,J","小型,大型,大型"
0.9999999999999999,7578.410633164799,0.864125874125874,0.8,39.30527659391994,591.9639634437119,117.91582978176001,1894.6026582911998,0.0,1.293380503958558,0.7130615036129404,1.3130615036129405,4025696.3018515166,-711995.3894826255,4,6000.0,100.0,7638,"C,D,E,I","小型,中型,小型,中型"
0.9999999999999999,7578.410633164799,0.8949347319347318,0.8,26.05630695551996,620.846717255424,262.32959884032,1894.6026582911998,0.0,1.704644087851855,0.7200011384801208,1.1527545923585012,4602851.718986691,-718921.2271093578,3,6000.0,95.0,746,"A,C,I","中型,小型,大型"
0.9999999999999999,7578.410633164799,0.8586713286713286,0.8,50.78771694719992,598.85342765568,152.36315084159997,1894.6026582911998,0.0,1.620970824323655,0.723375350796635,1.023375350796635,5003855.680117594,-722292.7260570241,2,5000.0,77.0,378,"F,J","中型,大型"
0.9999999999999999,7578.410633164799,0.8676806526806526,0.8300000000000001,15.722110637567924,568.3807974873599,0.0,1894.6026582911998,0.0,1.2999577184499047,0.7282606204847826,1.3282606204847824,4059384.789193429,-727189.7280596513,4,6000.0,100.0,6097,"B,C,E,I","中型,小型,小型,中型"
0.9999999999999999,7578.410633164799,0.8416083916083916,0.8,134.43287859763166,620.846717255424,262.32959884032,1894.6026582911998,0.0,1.4622610227026884,0.7384089527353581,1.0384089527353582,4862461.035449823,-737336.9903034718,2,5000.0,77.0,45,"A,C","中型,大型"
0.8170163170163168,6191.685144345599,0.7242890442890442,0.8,1317.8308466995195,1630.9923257191676,1641.5473381977597,2031.0670455667198,1386.7254888191997,1.7428571036647387,0.7428571036647387,0.8928571036647387,3800479.613390522,-742109.6097697789,2,5000.0,77.0,36,"A,B","中型,大型"
0.9999999999999999,7578.410633164799,0.8642773892773892,0.8300000000000001,25.967980491263873,568.3807974873599,0.0,1894.6026582911998,0.0,1.357762377775129,0.7475215384199001,1.3475215384199002,4030898.5437958455,-746453.058197287,4,6000.0,100.0,4564,"A,C,G,I","小型,小型,中型,中型"
0.9999999999999999,7578.410633164799,0.8479603729603729,0.8,95.12760200371174,605.2129330821119,184.16067797376002,1894.6026582911998,0.0,1.4783629869763564,0.7545109170090261,1.054510917009026,4915569.294618415,-753435.3355754802,2,5000.0,77.0,63,"A,E","中型,大型"
0.8962703962703962,6792.305101286399,0.8578659673659673,0.899,668.18970209664,1173.0196085518078,983.0735471692799,1944.5071105958398,786.1055318783999,1.7616882457982677,0.7616882457982677,0.9116882457982677,3813632.2993251085,-760768.3751088717,3,7000.0,108.0,2091,"C,E,G","大型,大型,小型"
0.9999999999999999,7578.410633164799,0.8572727272727273,0.8,56.79391651660783,486.0781980936191,94.06768443264,1557.5488706903038,0.0,1.7490792533317785,0.7644363039600444,1.0652015906484908,4263452.325140414,-763353.0665171305,3,6000.0,95.0,707,"A,C,G","大型,小型,中型"
0.8962703962703962,6792.305101286399,0.7636946386946387,0.8,740.3524233937918,1256.6206069701116,768.4402390271999,2366.2659774182393,786.1055318783999,1.7572369547367503,0.7725940053650162,1.0725940053650163,4586078.478360369,-771711.3541920963,2,4000.0,63.0,231,"C,I","小型,大型"
0.9999999999999999,7578.410633164799,0.8545920745920745,0.8,56.79391651660783,587.194334373888,94.06768443264,1894.6026582911998,0.0,1.496813086895545,0.7729610169282146,1.0729610169282147,4976853.726964859,-771881.8979732485,2,5000.0,77.0,81,"A,G","中型,大型"
0.9999999999999999,7578.410633164799,0.9496969696969697,0.88,0.0,588.1217622485759,393.49439826048007,1698.0762753215997,0.0,1.517921735857245,0.7734290890791853,1.0734290890791853,4364759.790323934,-772328.291298866,4,7000.0,113.0,4265,"A,C,E,F","小型,大型,小型,中型"
0.9999999999999999,7578.410633164799,0.9476223776223774,0.86,0.0,588.1217622485759,393.49439826048007,1698.0762753215997,0.0,1.517921735857245,0.7734290890791853,1.0734290890791853,4345630.463951345,-772330.1593792413,4,7000.0,113.0,8123,"C,E,F,J","大型,小型,中型,小型"
0.9999999999999999,7578.410633164799,0.9476223776223774,0.86,0.0,588.1217622485759,393.49439826048007,1698.0762753215997,0.0,1.517921735857245,0.7734290890791853,1.0734290890791853,4345630.463951345,-772330.1593792413,4,7000.0,113.0,8403,"C,F,G,J","大型,中型,小型,小型"
0.9999999999999999,7578.410633164799,0.9476223776223774,0.86,0.0,588.1217622485759,393.49439826048007,1698.0762753215997,0.0,1.517921735857245,0.7734290890791853,1.0734290890791853,4345630.463951345,-772330.1593792413,4,7000.0,113.0,8496,"C,F,I,J","大型,中型,小型,小型"
0.9999999999999999,7578.410633164799,0.9445104895104893,0.8300000000000001,15.722110637567924,588.1217622485759,393.49439826048007,1698.0762753215997,0.0,1.517921735857245,0.7734290890791853,1.0734290890791853,4316936.4743924625,-772334.2192686553,4,7000.0,113.0,6219,"B,C,F,I","小型,大型,中型,小型"
0.9999999999999999,7578.410633164799,0.9445104895104893,0.8300000000000001,15.722110637567924,588.1217622485759,393.49439826048007,1698.0762753215997,0.0,1.517921735857245,0.7734290890791853,1.0734290890791853,4316936.4743924625,-772334.2192686553,4,7000.0,113.0,6001,"B,C,E,F","小型,大型,小型,中型"
0.9999999999999999,7578.410633164799,0.9445104895104893,0.8300000000000001,15.722110637567924,588.1217622485759,393.49439826048007,1698.0762753215997,0.0,1.517921735857245,0.7734290890791853,1.0734290890791853,4316936.4743924625,-772334.2192686553,4,7000.0,113.0,6157,"B,C,F,G","小型,大型,中型,小型"
0.9999999999999999,7578.410633164799,0.9413986013986013,0.8,39.30527659391994,611.7049282049279,511.41022804224,1698.0762753215997,0.0,1.517921735857245,0.7734290890791853,1.0734290890791853,4288242.484833578,-772339.8513691331,4,7000.0,113.0,7782,"C,D,F,I","大型,小型,中型,小型"
0.9999999999999999,7578.410633164799,0.9413986013986013,0.8,39.30527659391994,611.7049282049279,511.41022804224,1698.0762753215997,0.0,1.517921735857245,0.7734290890791853,1.0734290890791853,4288242.484833578,-772339.8513691331,4,7000.0,113.0,8434,"C,F,H,I","大型,中型,小型,小型"
0.9999999999999999,7578.410633164799,0.9413986013986013,0.8,39.30527659391994,611.7049282049279,511.41022804224,1698.0762753215997,0.0,1.517921735857245,0.7734290890791853,1.0734290890791853,4288242.484833578,-772339.8513691331,4,7000.0,113.0,8061,"C,E,F,H","大型,小型,中型,小型"
0.9999999999999999,7578.410633164799,0.9413986013986013,0.8,39.30527659391994,611.7049282049279,511.41022804224,1698.0762753215997,0.0,1.517921735857245,0.7734290890791853,1.0734290890791853,4288242.484833578,-772339.8513691331,4,7000.0,113.0,7720,"C,D,F,G","大型,小型,中型,小型"
0.9999999999999999,7578.410633164799,0.9413986013986013,0.8,39.30527659391994,611.7049282049279,511.41022804224,1698.0762753215997,0.0,1.517921735857245,0.7734290890791853,1.0734290890791853,4288242.484833578,-772339.8513691331,4,7000.0,113.0,8341,"C,F,G,H","大型,中型,小型,小型"
0.9999999999999999,7578.410633164799,0.9413986013986013,0.8,39.30527659391994,611.7049282049279,511.41022804224,1698.0762753215997,0.0,1.517921735857245,0.7734290890791853,1.0734290890791853,4288242.484833578,-772339.8513691331,4,7000.0,113.0,7564,"C,D,E,F","大型,小型,小型,中型"
0.8962703962703962,6792.305101286399,0.8584149184149183,0.9199999999999999,668.18970209664,1299.5472685985278,983.0735471692799,2366.2659774182393,786.1055318783999,1.517921735857245,0.7734290890791853,1.0734290890791853,4262069.429930011,-772521.7896355316,3,6000.0,95.0,2064,"C,E,F","大型,小型,中型"
0.8962703962703962,6792.305101286399,0.8584149184149183,0.9199999999999999,668.18970209664,1299.5472685985278,983.0735471692799,2366.2659774182393,786.1055318783999,1.517921735857245,0.7734290890791853,1.0734290890791853,4262069.429930011,-772521.7896355316,3,6000.0,95.0,2227,"C,F,I","大型,中型,小型"
0.8962703962703962,6792.305101286399,0.8584149184149183,0.9199999999999999,668.18970209664,1299.5472685985278,983.0735471692799,2366.2659774182393,786.1055318783999,1.517921735857245,0.7734290890791853,1.0734290890791853,4262069.429930011,-772521.7896355316,3,6000.0,95.0,2181,"C,F,G","大型,中型,小型"
0.8962703962703962,6792.305101286399,0.8584149184149183,0.9199999999999999,668.18970209664,1299.5472685985278,983.0735471692799,2366.2659774182393,786.1055318783999,1.517921735857245,0.7734290890791853,1.0734290890791853,3817069.429930011,-772522.2346355316,3,7000.0,109.0,2228,"C,F,I","大型,中型,中型"
0.8962703962703962,6792.305101286399,0.8584149184149183,0.9199999999999999,668.18970209664,1299.5472685985278,983.0735471692799,2366.2659774182393,786.1055318783999,1.517921735857245,0.7734290890791853,1.0734290890791853,3817069.429930011,-772522.2346355316,3,7000.0,109.0,2067,"C,E,F","大型,中型,中型"
0.8962703962703962,6792.305101286399,0.8584149184149183,0.9199999999999999,668.18970209664,1299.5472685985278,983.0735471692799,2366.2659774182393,786.1055318783999,1.517921735857245,0.7734290890791853,1.0734290890791853,3817069.429930011,-772522.2346355316,3,7000.0,109.0,2182,"C,F,G","大型,中型,中型"
0.8962703962703962,6792.305101286399,0.8584149184149183,0.9199999999999999,668.18970209664,1299.5472685985278,983.0735471692799,2366.2659774182393,786.1055318783999,1.517921735857245,0.7734290890791853,1.0734290890791853,3523069.429930011,-772522.5286355315,4,7000.0,113.0,8372,"C,F,G,I","大型,中型,小型,小型"
0.8962703962703962,6792.305101286399,0.8584149184149183,0.9199999999999999,668.18970209664,1299.5472685985278,983.0735471692799,2366.2659774182393,786.1055318783999,1.517921735857245,0.7734290890791853,1.0734290890791853,3523069.429930011,-772522.5286355315,4,7000.0,113.0,8030,"C,E,F,G","大型,小型,中型,小型"
0.8962703962703962,6792.305101286399,0.8584149184149183,0.9199999999999999,668.18970209664,1299.5472685985278,983.0735471692799,2366.2659774182393,786.1055318783999,1.517921735857245,0.7734290890791853,1.0734290890791853,3523069.429930011,-772522.5286355315,4,7000.0,113.0,8092,"C,E,F,I","大型,小型,中型,小型"
0.9999999999999999,7578.410633164799,0.9572261072261071,0.86,0.0,487.64157651095036,194.75985368448,1495.632019246848,0.0,1.7763971401441896,0.7763971401441896,0.9841116152036014,4433997.913711042,-775287.5913733814,4,7000.0,113.0,8209,"C,E,G,J","中型,小型,大型,小型"
0.8962703962703962,6792.305101286399,0.8680186480186479,0.9199999999999999,668.18970209664,1199.0670828609022,784.3390025932799,2163.8217213434878,786.1055318783999,1.7763971401441896,0.7763971401441896,0.9841116152036014,3611436.8796897084,-775479.9606296717,4,7000.0,113.0,8178,"C,E,G,I","中型,小型,大型,小型"
0.9999999999999999,7578.410633164799,0.8686130536130535,0.8300000000000001,15.722110637567924,568.3807974873599,0.0,1894.6026582911998,0.0,1.3505145542438608,0.7849687391093985,1.3849687391093986,4065908.830659328,-783901.1307592313,4,6000.0,100.0,6500,"B,D,E,G","中型,小型,小型,中型"
0.9999999999999999,7578.410633164799,0.9703543123543125,0.899,0.0,607.597747617024,196.08475064832,1894.6026582911998,0.0,1.578012921308392,0.7859280976842666,1.2359280976842668,4553274.05531198,-784833.6414884946,4,7000.0,113.0,7639,"C,D,E,I","小型,中型,小型,大型"
0.9999999999999999,7578.410633164799,0.8546620046620047,0.8,74.81251522483186,605.2129330821119,184.16067797376002,1894.6026582911998,0.0,1.5120552171737303,0.7882031472064,1.2317779756291694,4240565.790057305,-787136.4473971295,3,6000.0,95.0,654,"A,C,E","中型,小型,大型"
0.9999999999999999,7578.410633164799,0.9721620046620045,0.9199999999999999,0.0,570.5536285080575,152.36315084159997,1800.2699944657918,0.0,1.5600713862368776,0.7887857447777502,1.1034123110694884,4559418.00449915,-787679.9528029908,4,7000.0,113.0,3451,"A,B,D,F","小型,小型,大型,中型"
0.9999999999999999,7578.410633164799,0.8365967365967364,0.8,166.23040572979173,660.0636673850879,458.4143494886399,1894.6026582911998,0.0,1.5244970133054017,0.8049331130230135,1.1049331130230136,4807917.553050058,-803869.910463004,2,5000.0,77.0,72,"A,F","中型,大型"
0.9312354312354312,7057.284494054399,0.8188811188811188,0.8,600.9732627978236,1122.8060136222718,1000.2972076991998,2207.2783417574396,521.1261391103999,1.6456082156250817,0.8075129514015742,1.1075129514015742,4685281.545225827,-806574.2058331806,2,5000.0,77.0,92,"A,H","大型,中型"
0.9999999999999999,7578.410633164799,0.9726748251748251,0.9199999999999999,0.0,539.8955127647998,152.36315084159997,1698.0762753215997,0.0,1.5563512557814365,0.8118586090033768,1.1118586090033769,4563268.297376667,-810752.0320931092,4,7000.0,113.0,5596,"A,F,H,I","小型,中型,大型,小型"
0.9999999999999999,7578.410633164799,0.9739801864801864,0.9199999999999999,0.0,539.8955127647998,152.36315084159997,1698.0762753215997,0.0,1.5600713862368776,0.8155787394588179,1.115578739458818,4575653.9430862265,-814472.2167273753,4,7000.0,113.0,4886,"A,D,F,G","小型,大型,中型,小型"
0.9999999999999999,7578.410633164799,0.9739801864801864,0.9199999999999999,0.0,539.8955127647998,152.36315084159997,1698.0762753215997,0.0,1.5600713862368776,0.8155787394588179,1.115578739458818,4575653.9430862265,-814472.2167273753,4,7000.0,113.0,4948,"A,D,F,I","小型,大型,中型,小型"
0.9999999999999999,7578.410633164799,0.9674708624708624,0.9199999999999999,0.0,447.68268408153597,274.25367151487995,1309.4398325952,0.0,1.8175200932642543,0.8175200932642543,0.9675200932642544,4811143.953532523,-816401.5441297635,3,7000.0,108.0,1467,"B,D,F","大型,小型,大型"
0.9999999999999999,7578.410633164799,0.9674708624708624,0.9199999999999999,0.0,447.68268408153597,274.25367151487995,1309.4398325952,0.0,1.8175200932642543,0.8175200932642543,0.9675200932642544,4811143.953532523,-816401.5441297635,3,7000.0,108.0,1769,"B,F,J","大型,大型,小型"
0.9999999999999999,7578.410633164799,0.9535722610722611,0.9199999999999999,0.0,447.68268408153597,274.25367151487995,1309.4398325952,0.0,1.8175200932642543,0.8175200932642543,0.9675200932642544,4684121.975835232,-816403.338983909,3,7000.0,108.0,1723,"B,F,H","大型,大型,小型"
0.9999999999999999,7578.410633164799,0.864044289044289,0.8300000000000001,25.967980491263873,568.3807974873599,0.0,1894.6026582911998,0.0,1.357762377775129,0.817604613185327,1.4176046131853273,4029051.9569717664,-816540.3677658145,4,6000.0,99.0,4345,"A,C,E,I","小型,小型,小型,大型"
0.9999999999999999,7578.410633164799,0.9690442890442891,0.9199999999999999,0.0,446.887745903232,270.27898062336,1309.4398325952,0.0,1.8215034027775694,0.8215034027775694,0.9715034027775694,4824291.97622464,-820384.8588849106,3,7000.0,108.0,3080,"F,H,J","大型,大型,小型"
0.9999999999999999,7578.410633164799,0.9690442890442891,0.9199999999999999,0.0,446.887745903232,270.27898062336,1309.4398325952,0.0,1.8215034027775694,0.8215034027775694,0.9715034027775694,4824291.97622464,-820384.8588849106,3,7000.0,108.0,2537,"D,F,H","小型,大型,大型"
0.9999999999999999,7578.410633164799,0.9703496503496503,0.9199999999999999,0.0,446.887745903232,270.27898062336,1309.4398325952,0.0,1.8252235332330105,0.8252235332330105,0.9752235332330105,4836677.621934196,-824105.0435191767,3,7000.0,108.0,2410,"D,E,F","大型,小型,大型"
0.9999999999999999,7578.410633164799,0.9703496503496503,0.9199999999999999,0.0,446.887745903232,270.27898062336,1309.4398325952,0.0,1.8252235332330105,0.8252235332330105,0.9752235332330105,4836677.621934196,-824105.0435191767,3,7000.0,108.0,1939,"C,D,F","小型,大型,大型"
0.9999999999999999,7578.410633164799,0.9703496503496503,0.9199999999999999,0.0,446.887745903232,270.27898062336,1309.4398325952,0.0,1.8252235332330105,0.8252235332330105,0.9752235332330105,4836677.621934196,-824105.0435191767,3,7000.0,108.0,2574,"D,F,I","大型,大型,小型"
0.9999999999999999,7578.410633164799,0.9703496503496503,0.9199999999999999,0.0,446.887745903232,270.27898062336,1309.4398325952,0.0,1.8252235332330105,0.8252235332330105,0.9752235332330105,4836677.621934196,-824105.0435191767,3,7000.0,108.0,2528,"D,F,G","大型,大型,小型"
0.9999999999999999,7578.410633164799,0.857144522144522,0.8,66.50982758476785,598.85342765568,152.36315084159997,1894.6026582911998,0.0,1.3504883385833373,0.833607765090411,1.4336077650904109,3955354.989398066,-832552.2437819828,4,6000.0,100.0,6648,"B,D,F,H","小型,中型,中型,小型"
0.9312354312354312,7057.284494054399,0.8258741258741257,0.8,556.1034189557757,1094.1882392033278,857.20833560448,2207.2783417574396,521.1261391103999,1.6750386339037402,0.8369433696802326,1.1369433696802327,4750482.160357369,-836000.7512769974,2,5000.0,77.0,110,"A,J","大型,中型"
0.9312354312354312,7057.284494054399,0.8258741258741257,0.8,556.1034189557757,1094.1882392033278,857.20833560448,2207.2783417574396,521.1261391103999,1.6750386339037402,0.8369433696802326,1.1369433696802327,4750482.160357369,-836000.7512769974,2,5000.0,77.0,56,"A,D","大型,中型"
0.9312354312354312,7057.284494054399,0.8188811188811188,0.8,600.9732627978236,1122.8060136222718,1000.2972076991998,2207.2783417574396,521.1261391103999,1.7428571036647387,0.8399292474147932,1.1399292474147933,4685281.545225827,-838992.4468241604,2,5000.0,77.0,90,"A,H","中型,大型"
0.9999999999999999,7578.410633164799,0.9786713286713287,0.9199999999999999,0.0,423.30457994688,152.36315084159997,1309.4398325952,0.0,1.84836918020689,0.84836918020689,0.99836918020689,4913503.800045127,-847250.0604776597,3,7000.0,108.0,2813,"E,F,J","小型,大型,大型"
0.9999999999999999,7578.410633164799,0.9786713286713287,0.9199999999999999,0.0,423.30457994688,152.36315084159997,1309.4398325952,0.0,1.84836918020689,0.84836918020689,0.99836918020689,4913503.800045127,-847250.0604776597,3,7000.0,108.0,3100,"F,I,J","大型,小型,大型"
0.9999999999999999,7578.410633164799,0.9786713286713287,0.9199999999999999,0.0,423.30457994688,152.36315084159997,1309.4398325952,0.0,1.84836918020689,0.84836918020689,0.99836918020689,4913503.800045127,-847250.0604776597,3,7000.0,108.0,3031,"F,G,J","大型,小型,大型"
0.9999999999999999,7578.410633164799,0.9786713286713287,0.9199999999999999,0.0,423.30457994688,152.36315084159997,1309.4398325952,0.0,1.84836918020689,0.84836918020689,0.99836918020689,4913503.800045127,-847250.0604776597,3,7000.0,108.0,2238,"C,F,J","小型,大型,大型"
0.9999999999999999,7578.410633164799,0.8490442890442891,0.8,106.34506296422377,622.436593612032,270.27898062336,1894.6026582911998,0.0,1.5639304585767373,0.8503515507352339,1.150351550735234,4914643.856297109,-849283.1769385181,2,5000.0,77.0,360,"F,H","中型,大型"
0.8962703962703962,6792.305101286399,0.8639160839160839,0.9199999999999999,668.18970209664,1260.4628081652477,983.0735471692799,2235.9844426406394,786.1055318783999,1.8532732207237472,0.8532732207237472,1.1157806557461516,3574060.279150892,-852366.9268649669,4,7000.0,113.0,8089,"C,E,F,I","中型,大型,小型,小型"
0.9999999999999999,7578.410633164799,0.8510139860139859,0.8,85.6766703283198,607.597747617024,196.08475064832,1894.6026582911998,0.0,1.5517338660962499,0.8537094230130622,1.1537094230130622,4939775.786700571,-852638.7421678656,2,5000.0,77.0,288,"D,I","中型,大型"
0.9999999999999999,7578.410633164799,0.8508391608391607,0.8,98.92563996671974,607.597747617024,196.08475064832,1894.6026582911998,0.0,1.5595308088255766,0.8562257760131102,1.1562257760131103,4939576.260825075,-855156.3272452115,2,5000.0,77.0,227,"C,H","大型,中型"
0.9312354312354312,7057.284494054399,0.8258741258741257,0.8,556.1034189557757,1094.1882392033278,857.20833560448,2207.2783417574396,521.1261391103999,1.7428571036647387,0.8595495262672321,1.1595495262672322,4750482.160357369,-858608.2642333921,2,5000.0,77.0,54,"A,D","中型,大型"
0.9312354312354312,7057.284494054399,0.8258741258741257,0.8,556.1034189557757,1094.1882392033278,857.20833560448,2207.2783417574396,521.1261391103999,1.7428571036647387,0.8595495262672321,1.1595495262672322,4750482.160357369,-858608.2642333921,2,5000.0,77.0,108,"A,J","中型,大型"
0.8076923076923076,6121.0239729407995,0.6774242424242424,0.8,1356.6944909721597,1836.5721712750078,1385.8422241766395,2769.0346544255995,1457.3866602239998,1.860946928947773,0.8609469289477729,1.010946928947773,4546100.91242113,-860232.054891943,1,3000.0,45.0,15,E,大型
0.9999999999999999,7578.410633164799,0.8508391608391607,0.8,98.92563996671974,607.597747617024,196.08475064832,1894.6026582911998,0.0,1.574941621369132,0.8613627135276287,1.1613627135276288,4939576.260825075,-860293.5729759808,2,5000.0,77.0,225,"C,H","中型,大型"
0.9999999999999999,7578.410633164799,0.8529254079254078,0.8,85.6766703283198,607.597747617024,196.08475064832,1894.6026582911998,0.0,1.5595308088255766,0.8615063657423889,1.161506365742389,4957001.218862809,-860435.9061176945,2,5000.0,77.0,414,"H,I","中型,大型"
0.9999999999999999,7578.410633164799,0.8524825174825175,0.8,75.34247401036772,584.014581660672,78.16892086656,1894.6026582911998,0.0,1.5669329829680916,0.8636279501556252,1.1636279501556253,4956039.316004753,-862555.9018724079,2,5000.0,77.0,117,"B,C","中型,大型"
0.9999999999999999,7578.410633164799,0.8552797202797201,0.8,59.620363372799844,591.9639634437119,117.91582978176001,1894.6026582911998,0.0,1.5517338660962499,0.8645307975574512,1.1645307975574513,4975459.087831432,-863457.5085673908,2,5000.0,77.0,252,"D,E","中型,大型"
0.9999999999999999,7578.410633164799,0.852144522144522,0.8,82.67357054361582,607.597747617024,196.08475064832,1894.6026582911998,0.0,1.574941621369132,0.8650828439830696,1.1650828439830696,4951961.906534631,-864012.4574446928,2,5000.0,77.0,189,"C,D","中型,大型"
0.9999999999999999,7578.410633164799,0.9582634032634033,0.88,0.0,585.7369477136639,282.20305329791995,1764.3211235135998,0.0,1.7052049362044102,0.8653225828872722,1.1653225828872722,4436185.761292653,-864226.103926001,4,7000.0,113.0,6725,"B,D,F,J","中型,大型,小型,小型"
0.9999999999999999,7578.410633164799,0.956888111888112,0.86,0.0,585.7369477136639,282.20305329791995,1764.3211235135998,0.0,1.7052049362044102,0.8653225828872722,1.1653225828872722,4424837.678504998,-864227.8803090488,4,7000.0,113.0,6818,"B,D,G,J","中型,大型,小型,小型"
0.9999999999999999,7578.410633164799,0.956888111888112,0.86,0.0,585.7369477136639,282.20305329791995,1764.3211235135998,0.0,1.7052049362044102,0.8653225828872722,1.1653225828872722,4424837.678504998,-864227.8803090488,4,7000.0,113.0,6601,"B,D,E,J","中型,大型,小型,小型"
0.9999999999999999,7578.410633164799,0.9527622377622378,0.8,26.05630695551996,601.3707318869759,360.37197416448,1764.3211235135998,0.0,1.7052049362044102,0.8653225828872722,1.1653225828872722,4390793.43014203,-864235.9193141157,4,7000.0,113.0,3206,"A,B,C,D","小型,中型,小型,大型"
0.9999999999999999,7578.410633164799,0.9527622377622378,0.8,26.05630695551996,601.3707318869759,360.37197416448,1764.3211235135998,0.0,1.7052049362044102,0.8653225828872722,1.1653225828872722,4390793.43014203,-864235.9193141157,4,7000.0,113.0,5977,"B,C,D,J","中型,小型,大型,小型"
0.9999999999999999,7578.410633164799,0.9527622377622378,0.8,26.05630695551996,601.3707318869759,360.37197416448,1764.3211235135998,0.0,1.7052049362044102,0.8653225828872722,1.1653225828872722,4390793.43014203,-864235.9193141157,4,7000.0,113.0,6911,"B,D,I,J","中型,大型,小型,小型"
0.9312354312354312,7057.284494054399,0.8977505827505827,0.9199999999999999,442.9572182438399,1057.3561036085757,673.0476576307199,2207.2783417574396,521.1261391103999,1.7052049362044102,0.8653225828872722,1.1653225828872722,4675870.118635805,-864352.991692565,3,6000.0,95.0,1555,"B,D,J","中型,大型,小型"
0.9312354312354312,7057.284494054399,0.8977505827505827,0.9199999999999999,442.9572182438399,1057.3561036085757,673.0476576307199,2207.2783417574396,521.1261391103999,1.7052049362044102,0.8653225828872722,1.1653225828872722,4230870.118635805,-864353.4366925651,3,7000.0,109.0,1556,"B,D,J","中型,大型,中型"
0.9312354312354312,7057.284494054399,0.8977505827505827,0.9199999999999999,442.9572182438399,1057.3561036085757,673.0476576307199,2207.2783417574396,521.1261391103999,1.7052049362044102,0.8653225828872722,1.1653225828872722,3936870.1186358053,-864353.7306925651,4,7000.0,113.0,6880,"B,D,H,J","中型,大型,小型,小型"
0.9312354312354312,7057.284494054399,0.8977505827505827,0.9199999999999999,442.9572182438399,1057.3561036085757,673.0476576307199,2207.2783417574396,521.1261391103999,1.7052049362044102,0.8653225828872722,1.1653225828872722,3936870.1186358053,-864353.7306925651,4,7000.0,113.0,3581,"A,B,D,J","小型,中型,大型,小型"
0.8962703962703962,6792.305101286399,0.8584149184149183,0.9199999999999999,668.18970209664,1195.542856937088,983.0735471692799,2019.58460521344,786.1055318783999,1.8675264973871784,0.8675264973871784,1.0175264973871783,3817569.429930008,-866612.1281115566,3,7000.0,108.0,2229,"C,F,I","大型,大型,小型"
0.9999999999999999,7578.410633164799,0.8545687645687645,0.8,62.09350437196778,584.014581660672,78.16892086656,1894.6026582911998,0.0,1.5669329829680916,0.8689085398849039,1.168908539884904,4973464.274042487,-867835.4807448909,2,5000.0,77.0,171,"B,I","中型,大型"
0.9312354312354312,7057.284494054399,0.8757808857808858,0.8,486.2371857292799,986.4741160431358,938.0270503987199,1794.3521213606398,521.1261391103999,1.8719220689802436,0.8719220689802436,1.0219220689802437,4027966.113419931,-870957.38514024,3,7000.0,108.0,619,"A,B,J","大型,大型,小型"
0.9312354312354312,7057.284494054399,0.8757808857808858,0.8,486.2371857292799,986.4741160431358,938.0270503987199,1794.3521213606398,521.1261391103999,1.8719220689802436,0.8719220689802436,1.0219220689802437,4027466.1134199314,-870957.3856402399,3,7000.0,109.0,613,"A,B,J","中型,大型,中型"
0.9312354312354312,7057.284494054399,0.8757808857808858,0.8,486.2371857292799,986.4741160431358,938.0270503987199,1794.3521213606398,521.1261391103999,1.8719220689802436,0.8719220689802436,1.0219220689802437,4027466.1134199314,-870957.3856402399,3,7000.0,109.0,475,"A,B,D","中型,大型,中型"
0.9312354312354312,7057.284494054399,0.8757808857808858,0.8,486.2371857292799,986.4741160431358,938.0270503987199,1794.3521213606398,521.1261391103999,1.8719220689802436,0.8719220689802436,1.0219220689802437,4027466.1134199314,-870957.3856402399,3,7000.0,109.0,567,"A,B,H","中型,大型,中型"
0.9312354312354312,7057.284494054399,0.8711130536130536,0.8,486.2371857292799,986.4741160431358,938.0270503987199,1794.3521213606398,521.1261391103999,1.8719220689802436,0.8719220689802436,1.0219220689802437,4429425.129081606,-870957.5438210844,3,6000.0,95.0,612,"A,B,J","中型,大型,小型"
0.9312354312354312,7057.284494054399,0.8711130536130536,0.8,486.2371857292799,986.4741160431358,938.0270503987199,1794.3521213606398,521.1261391103999,1.8719220689802436,0.8719220689802436,1.0219220689802437,3984925.129081606,-870957.9883210844,3,7000.0,108.0,481,"A,B,D","大型,大型,小型"
0.9312354312354312,7057.284494054399,0.8711130536130536,0.8,486.2371857292799,986.4741160431358,938.0270503987199,1794.3521213606398,521.1261391103999,1.8719220689802436,0.8719220689802436,1.0219220689802437,3984925.129081606,-870957.9883210844,3,7000.0,108.0,573,"A,B,H","大型,大型,小型"
0.9999999999999999,7578.410633164799,0.857191142191142,0.8,59.620363372799844,591.9639634437119,117.91582978176001,1894.6026582911998,0.0,1.5595308088255766,0.872327740286778,1.172327740286778,4992684.51999367,-871254.6725172198,2,5000.0,77.0,326,"E,H","大型,中型"
0.9999999999999999,7578.410633164799,0.8552797202797201,0.8,59.620363372799844,591.9639634437119,117.91582978176001,1894.6026582911998,0.0,1.5857174293671457,0.8758586519810831,1.1758586519810832,4975459.08783143,-874786.0426622882,2,5000.0,77.0,254,"D,E","大型,中型"
0.8170163170163168,6191.685144345599,0.6811771561771561,0.8,1333.5529573370875,1802.8314619292155,1457.3866602239998,2726.6379515827193,1386.7254888191997,1.8755133794462715,0.8755133794462715,1.0255133794462714,4595670.94841788,-874786.3544973964,1,3000.0,45.0,6,B,大型
0.9999999999999999,7578.410633164799,0.8595337995337994,0.8,39.30527659391994,591.9639634437119,117.91582978176001,1894.6026582911998,0.0,1.5517338660962499,0.8767721703948219,1.176772170394822,5016203.57191884,-875697.4394461949,2,5000.0,77.0,270,"D,G","中型,大型"
0.9999999999999999,7578.410633164799,0.8588344988344987,0.8300000000000001,36.037197416447825,568.3807974873599,0.0,1894.6026582911998,0.0,1.5669329829680916,0.8797299144292929,1.179729914429293,5009147.575173348,-878651.8471444162,2,5000.0,77.0,135,"B,E","中型,大型"
0.9999999999999999,7578.410633164799,0.9836072261072262,0.9550000000000001,0.0,509.4228825964799,0.0,1698.0762753215997,0.0,1.5089318177748892,0.8835272721137422,1.1835272721137422,4669822.510781431,-882419.5579757292,4,7000.0,113.0,3922,"A,B,G,I","小型,中型,大型,小型"
0.9999999999999999,7578.410633164799,0.8614452214452213,0.8,39.30527659391994,591.9639634437119,117.91582978176001,1894.6026582911998,0.0,1.5595308088255766,0.8845691131241487,1.1845691131241487,5033429.004081078,-883494.6033960239,2,5000.0,77.0,389,"G,H","大型,中型"
0.9999999999999999,7578.410633164799,0.8604662004662004,0.8,43.36829394969588,584.014581660672,78.16892086656,1894.6026582911998,0.0,1.574941621369132,0.8882284909569491,1.1882284909569492,5028788.084645562,-887154.3299810482,2,5000.0,77.0,243,"C,J","中型,大型"
0.9999999999999999,7578.410633164799,0.8593356643356642,0.8,46.37139373439986,584.014581660672,78.16892086656,1894.6026582911998,0.0,1.5864523365570693,0.8884278934738816,1.1884278934738817,5016601.964811498,-887354.1325605701,2,5000.0,77.0,434,"I,J","大型,中型"
0.8962703962703962,6792.305101286399,0.8689976689976688,0.9199999999999999,668.18970209664,1155.7959480218879,784.3390025932799,2019.58460521344,786.1055318783999,1.889892951656551,0.889892951656551,1.039892951656551,3618566.1356508937,-888977.2635650532,4,7000.0,113.0,9294,"E,F,G,I","中型,小型,大型,小型"
0.9999999999999999,7578.410633164799,0.863088578088578,0.8300000000000001,15.722110637567924,568.3807974873599,0.0,1894.6026582911998,0.0,1.5669329829680916,0.8919712872666636,1.1919712872666637,5049892.059260756,-890891.7780232202,2,5000.0,77.0,153,"B,G","中型,大型"
0.9999999999999999,7578.410633164799,0.9512703962703961,0.88,0.0,614.3547221326079,425.29192539263994,1764.3211235135998,0.0,1.591646200383314,0.8926715325191619,1.192671532519162,4370985.146161113,-891578.7435672997,4,7000.0,113.0,7372,"B,F,H,J","中型,小型,大型,小型"
0.9999999999999999,7578.410633164799,0.9498951048951048,0.86,0.0,614.3547221326079,425.29192539263994,1764.3211235135998,0.0,1.591646200383314,0.8926715325191619,1.192671532519162,4359637.063373458,-891580.5199503475,4,7000.0,113.0,7465,"B,G,H,J","中型,小型,大型,小型"
0.9999999999999999,7578.410633164799,0.9498951048951048,0.86,0.0,614.3547221326079,425.29192539263994,1764.3211235135998,0.0,1.591646200383314,0.8926715325191619,1.192671532519162,4359637.063373458,-891580.5199503475,4,7000.0,113.0,7186,"B,E,H,J","中型,小型,大型,小型"
0.9999999999999999,7578.410633164799,0.9457692307692309,0.8,26.05630695551996,629.9885063059199,503.46084625919997,1764.3211235135998,0.0,1.591646200383314,0.8926715325191619,1.192671532519162,4325592.81501049,-891588.5589554143,4,7000.0,113.0,7531,"B,H,I,J","中型,大型,小型,小型"
0.9999999999999999,7578.410633164799,0.9457692307692309,0.8,26.05630695551996,629.9885063059199,503.46084625919997,1764.3211235135998,0.0,1.591646200383314,0.8926715325191619,1.192671532519162,4325592.81501049,-891588.5589554143,4,7000.0,113.0,6411,"B,C,H,J","中型,小型,大型,小型"
0.9312354312354312,7057.284494054399,0.8907575757575756,0.9199999999999999,442.9572182438399,1085.9738780275197,816.1365297254399,2207.2783417574396,521.1261391103999,1.591646200383314,0.8926715325191619,1.192671532519162,4610669.503504265,-891705.6313338637,3,6000.0,95.0,1877,"B,H,J","中型,大型,小型"
0.9312354312354312,7057.284494054399,0.8907575757575756,0.9199999999999999,442.9572182438399,1085.9738780275197,816.1365297254399,2207.2783417574396,521.1261391103999,1.591646200383314,0.8926715325191619,1.192671532519162,4165669.503504265,-891706.0763338638,3,7000.0,109.0,1878,"B,H,J","中型,大型,中型"
0.9312354312354312,7057.284494054399,0.8907575757575756,0.9199999999999999,442.9572182438399,1085.9738780275197,816.1365297254399,2207.2783417574396,521.1261391103999,1.591646200383314,0.8926715325191619,1.192671532519162,3871669.503504265,-891706.3703338638,4,7000.0,113.0,4015,"A,B,H,J","小型,中型,大型,小型"
0.9312354312354312,7057.284494054399,0.8907575757575756,0.9199999999999999,442.9572182438399,1085.9738780275197,816.1365297254399,2207.2783417574396,521.1261391103999,1.591646200383314,0.8926715325191619,1.192671532519162,3871669.503504265,-891706.3703338638,4,7000.0,113.0,3516,"A,B,D,H","小型,中型,小型,大型"
0.9999999999999999,7578.410633164799,0.9601631701631701,0.86,0.0,425.556904785408,100.69216925184,1351.3949031168,0.0,1.897721032058067,0.8977210320580671,1.047721032058067,4455439.19834686,-896612.442576564,4,7000.0,113.0,9511,"E,G,I,J","中型,小型,大型,小型"
0.9999999999999999,7578.410633164799,0.957051282051282,0.8300000000000001,15.722110637567924,425.556904785408,100.69216925184,1351.3949031168,0.0,1.897721032058067,0.8977210320580671,1.047721032058067,4426745.208787978,-896616.502465978,4,7000.0,113.0,7081,"B,E,G,I","小型,中型,小型,大型"
0.9999999999999999,7578.410633164799,0.953939393939394,0.8,39.30527659391994,449.14007074176,218.6079990336,1351.3949031168,0.0,1.897721032058067,0.8977210320580671,1.047721032058067,4398051.219229093,-896622.1345664557,4,7000.0,113.0,9446,"E,G,H,I","中型,小型,小型,大型"
0.9999999999999999,7578.410633164799,0.953939393939394,0.8,39.30527659391994,449.14007074176,218.6079990336,1351.3949031168,0.0,1.897721032058067,0.8977210320580671,1.047721032058067,4398051.219229093,-896622.1345664557,4,7000.0,113.0,8786,"D,E,G,I","小型,中型,小型,大型"
0.8962703962703962,6792.305101286399,0.87004662004662,0.9199999999999999,668.18970209664,1136.98241113536,690.2713181606399,2019.58460521344,786.1055318783999,1.897721032058067,0.8977210320580671,1.047721032058067,4361846.475764095,-896804.191955452,3,6000.0,95.0,2787,"E,F,I","小型,中型,大型"
0.8962703962703962,6792.305101286399,0.87004662004662,0.9199999999999999,668.18970209664,1136.98241113536,690.2713181606399,2019.58460521344,786.1055318783999,1.897721032058067,0.8977210320580671,1.047721032058067,3917346.475764095,-896804.636455452,3,7000.0,108.0,2790,"E,F,I","小型,大型,大型"
0.9999999999999999,7578.410633164799,0.8636013986013985,0.8300000000000001,20.315086778879902,568.3807974873599,0.0,1894.6026582911998,0.0,1.5857174293671457,0.8990042989549627,1.1990042989549627,5052285.265942361,-897925.5151986438,2,5000.0,77.0,342,"E,J","中型,大型"
0.9999999999999999,7578.410633164799,0.856876456876457,0.8,56.79391651660783,486.0781980936191,94.06768443264,1557.5488706903038,0.0,1.6081767281393204,0.9015572320978784,1.202322518786325,4259233.498313948,-900482.2736819272,3,6000.0,95.0,960,"A,E,G","大型,小型,中型"
0.9999999999999999,7578.410633164799,0.8614102564102564,0.8300000000000001,31.97418006067185,568.3807974873599,0.0,1894.6026582911998,0.0,1.7555587094526026,0.9025852245709771,1.3525852245709773,4294501.304179007,-901517.6091186823,3,6000.0,95.0,1328,"B,C,F","大型,小型,中型"
0.9999999999999999,7578.410633164799,0.8678554778554778,0.86,0.0,568.3807974873599,0.0,1894.6026582911998,0.0,1.5864523365570693,0.9114906408556414,1.2114906408556414,5093029.750029767,-910408.0298388995,2,5000.0,77.0,407,"G,J","大型,中型"
0.9312354312354312,7057.284494054399,0.786002331002331,0.8,571.8255295933436,1057.3561036085757,673.0476576307199,2207.2783417574396,521.1261391103999,1.3504883385833373,0.9118304307581757,1.3618304307581757,4095810.4954342116,-910906.5293490818,3,5000.0,81.0,1500,"B,D,H","小型,大型,小型"
0.8962703962703962,6792.305101286399,0.7508624708624708,0.8,815.6065709399037,1299.5472685985278,983.0735471692799,2366.2659774182393,786.1055318783999,1.6319044578458257,0.9163254651313488,1.2163254651313489,4467697.26823802,-915460.8334856337,2,4000.0,63.0,208,"C,F","大型,小型"
0.9999999999999999,7578.410633164799,0.8678554778554778,0.86,0.0,568.3807974873599,0.0,1894.6026582911998,0.0,1.6040794886232015,0.9173663582110185,1.2173663582110186,5093029.750029767,-916284.099737318,2,5000.0,77.0,405,"G,J","中型,大型"
0.55011655011655,4169.009112883199,0.45999999999999996,0.8,2989.4091827443194,3453.0347936240632,2831.3048117260796,3940.24357046016,3409.4015202815995,1.9206541495764178,0.9206541495764178,1.0706541495764177,3068451.882383734,-920423.2779497579,1,2000.0,32.0,17,F,中型
0.9312354312354312,7057.284494054399,0.7891142191142191,0.8,556.1034189557757,1057.3561036085757,673.0476576307199,2207.2783417574396,521.1261391103999,1.8042117878534394,0.9269758193783757,1.2269758193783757,4863504.4849930955,-926041.4278031851,2,4000.0,63.0,420,"H,J","小型,大型"
0.9999999999999999,7578.410633164799,0.9517482517482516,0.86,0.0,588.1217622485759,393.49439826048007,1698.0762753215997,0.0,1.6969736230330663,0.9324891035155645,1.2324891035155645,4385273.230384571,-931399.1826688251,4,7000.0,113.0,8217,"C,E,G,J","大型,中型,小型,小型"
0.9999999999999999,7578.410633164799,0.9517482517482516,0.86,0.0,588.1217622485759,393.49439826048007,1698.0762753215997,0.0,1.6969736230330663,0.9324891035155645,1.2324891035155645,4385273.230384571,-931399.1826688251,4,7000.0,113.0,8310,"C,E,I,J","大型,中型,小型,小型"
0.9999999999999999,7578.410633164799,0.9486363636363635,0.8300000000000001,15.722110637567924,588.1217622485759,393.49439826048007,1698.0762753215997,0.0,1.6969736230330663,0.9324891035155645,1.2324891035155645,4356579.2408256885,-931403.2425582391,4,7000.0,113.0,6033,"B,C,E,G","小型,大型,中型,小型"
0.9999999999999999,7578.410633164799,0.9486363636363635,0.8300000000000001,15.722110637567924,588.1217622485759,393.49439826048007,1698.0762753215997,0.0,1.6969736230330663,0.9324891035155645,1.2324891035155645,4356579.2408256885,-931403.2425582391,4,7000.0,113.0,6095,"B,C,E,I","小型,大型,中型,小型"
0.9999999999999999,7578.410633164799,0.9455244755244754,0.8,39.30527659391994,611.7049282049279,511.41022804224,1698.0762753215997,0.0,1.6969736230330663,0.9324891035155645,1.2324891035155645,4327885.251266804,-931408.874658717,4,7000.0,113.0,8248,"C,E,H,I","大型,中型,小型,小型"
0.9999999999999999,7578.410633164799,0.9455244755244754,0.8,39.30527659391994,611.7049282049279,511.41022804224,1698.0762753215997,0.0,1.6969736230330663,0.9324891035155645,1.2324891035155645,4327885.251266804,-931408.874658717,4,7000.0,113.0,8155,"C,E,G,H","大型,中型,小型,小型"
0.9999999999999999,7578.410633164799,0.9455244755244754,0.8,39.30527659391994,611.7049282049279,511.41022804224,1698.0762753215997,0.0,1.6969736230330663,0.9324891035155645,1.2324891035155645,4327885.251266804,-931408.874658717,4,7000.0,113.0,7596,"C,D,E,G","大型,小型,中型,小型"
0.9999999999999999,7578.410633164799,0.9455244755244754,0.8,39.30527659391994,611.7049282049279,511.41022804224,1698.0762753215997,0.0,1.6969736230330663,0.9324891035155645,1.2324891035155645,4327885.251266804,-931408.874658717,4,7000.0,113.0,7658,"C,D,E,I","大型,小型,中型,小型"
0.8962703962703962,6792.305101286399,0.8625407925407924,0.9199999999999999,668.18970209664,1299.5472685985278,983.0735471692799,2366.2659774182393,786.1055318783999,1.6969736230330663,0.9324891035155645,1.2324891035155645,4301712.196363237,-931590.8129251155,3,6000.0,95.0,2135,"C,E,I","大型,中型,小型"
0.8962703962703962,6792.305101286399,0.8625407925407924,0.9199999999999999,668.18970209664,1299.5472685985278,983.0735471692799,2366.2659774182393,786.1055318783999,1.6969736230330663,0.9324891035155645,1.2324891035155645,3856712.1963632368,-931591.2579251154,3,7000.0,109.0,2136,"C,E,I","大型,中型,中型"
0.8962703962703962,6792.305101286399,0.8625407925407924,0.9199999999999999,668.18970209664,1299.5472685985278,983.0735471692799,2366.2659774182393,786.1055318783999,1.6969736230330663,0.9324891035155645,1.2324891035155645,3562712.1963632368,-931591.5519251154,4,7000.0,113.0,8186,"C,E,G,I","大型,中型,小型,小型"
0.9999999999999999,7578.410633164799,0.9679895104895105,0.9199999999999999,0.0,564.2736168994559,274.25367151487995,1698.0762753215997,0.0,1.6657395978715726,0.9359731153770219,1.235973115377022,4521426.285125668,-934875.5645410765,4,7000.0,113.0,3770,"A,B,F,G","小型,大型,中型,小型"
0.9999999999999999,7578.410633164799,0.8365967365967364,0.8,166.23040572979173,660.0636673850879,458.4143494886399,1894.6026582911998,0.0,1.9206541495764178,0.9369854917800189,1.2369854917800187,4807917.553050058,-935930.2123627348,2,5000.0,77.0,74,"A,F","大型,中型"
0.9999999999999999,7578.410633164799,0.8576340326340327,0.8,52.02428744678384,584.014581660672,78.16892086656,1894.6026582911998,0.0,1.565464746081843,0.9385841744852379,1.388584174485238,4712627.93725971,-937523.3833501159,3,5000.0,81.0,737,"A,C,I","小型,小型,大型"
0.9999999999999999,7578.410633164799,0.9776340326340327,0.9199999999999999,0.0,474.71058214387193,78.16892086656,1530.2559932351999,0.0,1.7854281659707703,0.9392429962301632,1.2392429962301632,4621776.0571872415,-938140.8013732494,4,7000.0,113.0,4706,"A,C,I,J","中型,小型,大型,小型"
0.9999999999999999,7578.410633164799,0.9776340326340327,0.9199999999999999,0.0,474.71058214387193,78.16892086656,1530.2559932351999,0.0,1.7854281659707703,0.9392429962301632,1.2392429962301632,4621776.0571872415,-938140.8013732494,4,7000.0,113.0,4207,"A,C,D,I","中型,小型,小型,大型"
0.9999999999999999,7578.410633164799,0.9776340326340327,0.9199999999999999,0.0,474.71058214387193,78.16892086656,1530.2559932351999,0.0,1.7854281659707703,0.9392429962301632,1.2392429962301632,4621776.0571872415,-938140.8013732494,4,7000.0,113.0,4641,"A,C,H,I","中型,小型,小型,大型"
0.9999999999999999,7578.410633164799,0.9776340326340327,0.9199999999999999,0.0,474.71058214387193,78.16892086656,1530.2559932351999,0.0,1.7854281659707703,0.9392429962301632,1.2392429962301632,4621776.0571872415,-938140.8013732494,4,7000.0,113.0,3370,"A,B,C,I","中型,小型,小型,大型"
0.9999999999999999,7578.410633164799,0.9772727272727273,0.9199999999999999,0.0,587.194334373888,94.06768443264,1894.6026582911998,0.0,1.4572556579010967,0.9396991523082234,1.3896991523082236,4617600.445067946,-938610.531703019,4,7000.0,113.0,4551,"A,C,G,H","中型,小型,大型,小型"
0.9999999999999999,7578.410633164799,0.9772727272727273,0.9199999999999999,0.0,587.194334373888,94.06768443264,1894.6026582911998,0.0,1.4572556579010967,0.9396991523082234,1.3896991523082236,4617600.445067946,-938610.531703019,4,7000.0,113.0,3308,"A,B,C,G","中型,小型,小型,大型"
0.9999999999999999,7578.410633164799,0.9772727272727273,0.9199999999999999,0.0,587.194334373888,94.06768443264,1894.6026582911998,0.0,1.4572556579010967,0.9396991523082234,1.3896991523082236,4617600.445067946,-938610.531703019,4,7000.0,113.0,4145,"A,C,D,G","中型,小型,小型,大型"
0.8962703962703962,6792.305101286399,0.76006993006993,0.8,759.6075926015997,1259.8003596833278,784.3390025932799,2366.2659774182393,786.1055318783999,1.6542709121151977,0.9476514160737557,1.2476514160737557,4551845.891171248,-946781.4051467456,2,4000.0,63.0,312,"E,G","小型,大型"
0.9999999999999999,7578.410633164799,0.9533799533799534,0.88,0.0,609.3201136700159,400.11888307968,1764.3211235135998,0.0,1.486873099717696,0.9543276448116942,1.2543276448116942,4391585.70606349,-953238.080094818,4,7000.0,113.0,9084,"D,F,H,J","大型,小型,中型,小型"
0.9999999999999999,7578.410633164799,0.9520046620046619,0.86,0.0,609.3201136700159,400.11888307968,1764.3211235135998,0.0,1.486873099717696,0.9543276448116942,1.2543276448116942,4380237.623275835,-953239.8564778658,4,7000.0,113.0,8898,"D,E,H,J","大型,小型,中型,小型"
0.9999999999999999,7578.410633164799,0.9520046620046619,0.86,0.0,609.3201136700159,400.11888307968,1764.3211235135998,0.0,1.486873099717696,0.9543276448116942,1.2543276448116942,4380237.623275835,-953239.8564778658,4,7000.0,113.0,9177,"D,G,H,J","大型,小型,中型,小型"
0.9999999999999999,7578.410633164799,0.9478787878787879,0.8,26.05630695551996,624.9538978433279,478.28780394624,1764.3211235135998,0.0,1.486873099717696,0.9543276448116942,1.2543276448116942,4346193.374912867,-953247.8954829327,4,7000.0,113.0,7955,"C,D,H,J","小型,大型,中型,小型"
0.9999999999999999,7578.410633164799,0.9478787878787879,0.8,26.05630695551996,624.9538978433279,478.28780394624,1764.3211235135998,0.0,1.486873099717696,0.9543276448116942,1.2543276448116942,4346193.374912867,-953247.8954829327,4,7000.0,113.0,9240,"D,H,I,J","大型,中型,小型,小型"
0.9999999999999999,7578.410633164799,0.8970163170163169,0.8,50.78771694719992,635.6855632504319,336.52382881535993,1894.6026582911998,0.0,1.6900077998568273,0.9543170621062997,1.4043170621063,4610526.6543212235,-953254.5590852157,3,6000.0,95.0,822,"A,D,F","大型,小型,中型"
0.9999999999999999,7578.410633164799,0.8970163170163169,0.8,50.78771694719992,635.6855632504319,336.52382881535993,1894.6026582911998,0.0,1.6900077998568273,0.9543170621062997,1.4043170621063,4610526.6543212235,-953254.5590852157,3,6000.0,95.0,1123,"A,F,J","大型,中型,小型"
0.9312354312354312,7057.284494054399,0.8928671328671328,0.9199999999999999,442.9572182438399,1080.9392695649278,790.9634874124799,2207.2783417574396,521.1261391103999,1.486873099717696,0.9543276448116942,1.2543276448116942,4631270.0634066425,-953364.967861382,3,6000.0,95.0,2710,"D,H,J","大型,中型,小型"
0.9312354312354312,7057.284494054399,0.8928671328671328,0.9199999999999999,442.9572182438399,1080.9392695649278,790.9634874124799,2207.2783417574396,521.1261391103999,1.486873099717696,0.9543276448116942,1.2543276448116942,4186270.0634066425,-953365.4128613821,3,7000.0,109.0,2711,"D,H,J","大型,中型,中型"
0.9312354312354312,7057.284494054399,0.8928671328671328,0.9199999999999999,442.9572182438399,1080.9392695649278,790.9634874124799,2207.2783417574396,521.1261391103999,1.486873099717696,0.9543276448116942,1.2543276448116942,3892270.0634066425,-953365.7068613821,4,7000.0,113.0,5134,"A,D,H,J","小型,大型,中型,小型"
0.9999999999999999,7578.410633164799,0.8589393939393938,0.8,59.090404587263805,584.014581660672,78.16892086656,1894.6026582911998,0.0,1.8897199671742493,0.9579906974690473,1.4079906974690475,4274787.393926036,-956931.9172118622,3,6000.0,95.0,1279,"B,C,D","中型,大型,小型"
0.9999999999999999,7578.410633164799,0.9428787878787879,0.86,0.0,478.552783339008,292.80222900864004,1399.9744584576,0.0,1.9582546283807691,0.9582546283807691,1.1082546283807693,4300812.686392779,-957154.0195025738,4,7000.0,113.0,9424,"E,F,I,J","大型,小型,小型,中型"
0.9999999999999999,7578.410633164799,0.9428787878787879,0.86,0.0,478.552783339008,292.80222900864004,1399.9744584576,0.0,1.9582546283807691,0.9582546283807691,1.1082546283807693,4300812.686392779,-957154.0195025738,4,7000.0,113.0,9331,"E,F,G,J","大型,小型,小型,中型"
0.9999999999999999,7578.410633164799,0.9405244755244754,0.8300000000000001,13.425622566911935,478.552783339008,292.80222900864004,1399.9744584576,0.0,1.9582546283807691,0.9582546283807691,1.1082546283807693,4280176.848589668,-957157.7967056994,4,7000.0,113.0,5206,"A,E,F,G","中型,大型,小型,小型"
0.9999999999999999,7578.410633164799,0.9397668997668996,0.8300000000000001,15.722110637567924,478.552783339008,292.80222900864004,1399.9744584576,0.0,1.9582546283807691,0.9582546283807691,1.1082546283807693,4272118.696833897,-957158.0793919878,4,7000.0,113.0,6942,"B,E,F,G","中型,大型,小型,小型"
0.9999999999999999,7578.410633164799,0.9397668997668996,0.8300000000000001,15.722110637567924,478.552783339008,292.80222900864004,1399.9744584576,0.0,1.9582546283807691,0.9582546283807691,1.1082546283807693,4272118.696833897,-957158.0793919878,4,7000.0,113.0,7004,"B,E,F,I","中型,大型,小型,小型"
0.9999999999999999,7578.410633164799,0.9348834498834498,0.8,39.30527659391994,502.13594929536,410.7180587904,1399.9744584576,0.0,1.9582546283807691,0.9582546283807691,1.1082546283807693,4227518.641604732,-957163.9399859437,4,7000.0,113.0,9269,"E,F,G,H","大型,小型,小型,中型"
0.9999999999999999,7578.410633164799,0.9348834498834498,0.8,39.30527659391994,502.13594929536,410.7180587904,1399.9744584576,0.0,1.9582546283807691,0.9582546283807691,1.1082546283807693,4227518.641604733,-957163.9399859437,4,7000.0,113.0,8709,"D,E,F,I","中型,大型,小型,小型"
0.9999999999999999,7578.410633164799,0.9348834498834498,0.8,39.30527659391994,502.13594929536,410.7180587904,1399.9744584576,0.0,1.9582546283807691,0.9582546283807691,1.1082546283807693,4227518.641604732,-957163.9399859437,4,7000.0,113.0,9363,"E,F,H,I","大型,小型,中型,小型"
0.9999999999999999,7578.410633164799,0.9348834498834498,0.8,39.30527659391994,502.13594929536,410.7180587904,1399.9744584576,0.0,1.9582546283807691,0.9582546283807691,1.1082546283807693,4227518.641604733,-957163.9399859437,4,7000.0,113.0,8647,"D,E,F,G","中型,大型,小型,小型"
0.8962703962703962,6792.305101286399,0.8497738927738926,0.836,677.5876378934784,1210.1167235393277,983.0735471692799,2068.1641605542395,786.1055318783999,1.9582546283807691,0.9582546283807691,1.1082546283807693,3443258.3078968287,-957355.1688167339,4,7000.0,113.0,8027,"C,E,F,G","中型,大型,小型,小型"
0.8962703962703962,6792.305101286399,0.8465850815850815,0.8,701.7537585139199,1210.1167235393277,983.0735471692799,2068.1641605542395,786.1055318783999,1.9582546283807691,0.9582546283807691,1.1082546283807693,4598627.389690324,-957359.2093946444,3,5000.0,81.0,2753,"E,F,G","大型,小型,小型"
0.8962703962703962,6792.305101286399,0.8465850815850815,0.8,701.7537585139199,1210.1167235393277,983.0735471692799,2068.1641605542395,786.1055318783999,1.9582546283807691,0.9582546283807691,1.1082546283807693,4153627.3896903237,-957359.6543946444,3,6000.0,95.0,2800,"E,F,I","大型,小型,中型"
0.8962703962703962,6792.305101286399,0.8465850815850815,0.8,701.7537585139199,1210.1167235393277,983.0735471692799,2068.1641605542395,786.1055318783999,1.9582546283807691,0.9582546283807691,1.1082546283807693,4153627.3896903237,-957359.6543946444,3,6000.0,95.0,2754,"E,F,G","大型,小型,中型"
0.8962703962703962,6792.305101286399,0.8465850815850815,0.8,701.7537585139199,1210.1167235393277,983.0735471692799,2068.1641605542395,786.1055318783999,1.9582546283807691,0.9582546283807691,1.1082546283807693,4153627.3896903237,-957359.6543946444,3,6000.0,95.0,2756,"E,F,G","大型,中型,小型"
0.8962703962703962,6792.305101286399,0.8465850815850815,0.8,701.7537585139199,1210.1167235393277,983.0735471692799,2068.1641605542395,786.1055318783999,1.9582546283807691,0.9582546283807691,1.1082546283807693,3859627.3896903237,-957359.9483946444,4,6000.0,99.0,9299,"E,F,G,I","大型,小型,小型,小型"
0.8962703962703962,6792.305101286399,0.8465850815850815,0.8,701.7537585139199,1210.1167235393277,983.0735471692799,2068.1641605542395,786.1055318783999,1.9582546283807691,0.9582546283807691,1.1082546283807693,3859627.3896903247,-957359.9483946444,4,6000.0,99.0,8015,"C,E,F,G","小型,大型,小型,小型"
0.8962703962703962,6792.305101286399,0.8465850815850815,0.8,701.7537585139199,1210.1167235393277,983.0735471692799,2068.1641605542395,786.1055318783999,1.9582546283807691,0.9582546283807691,1.1082546283807693,3709127.389690324,-957360.0988946444,3,7000.0,108.0,2758,"E,F,G","大型,大型,小型"
0.8962703962703962,6792.305101286399,0.8465850815850815,0.8,701.7537585139199,1210.1167235393277,983.0735471692799,2068.1641605542395,786.1055318783999,1.9582546283807691,0.9582546283807691,1.1082546283807693,3709127.3896903237,-957360.0988946444,3,7000.0,108.0,2801,"E,F,I","大型,小型,大型"
0.8962703962703962,6792.305101286399,0.8465850815850815,0.8,701.7537585139199,1210.1167235393277,983.0735471692799,2068.1641605542395,786.1055318783999,1.9582546283807691,0.9582546283807691,1.1082546283807693,3709127.389690324,-957360.0988946444,3,7000.0,108.0,2804,"E,F,I","大型,大型,小型"
0.8962703962703962,6792.305101286399,0.8465850815850815,0.8,701.7537585139199,1210.1167235393277,983.0735471692799,2068.1641605542395,786.1055318783999,1.9582546283807691,0.9582546283807691,1.1082546283807693,3709127.3896903237,-957360.0988946444,3,7000.0,108.0,2755,"E,F,G","大型,小型,大型"
0.8962703962703962,6792.305101286399,0.8465850815850815,0.8,701.7537585139199,1210.1167235393277,983.0735471692799,2068.1641605542395,786.1055318783999,1.9582546283807691,0.9582546283807691,1.1082546283807693,3708627.3896903237,-957360.0993946444,3,7000.0,109.0,2757,"E,F,G","大型,中型,中型"
0.8962703962703962,6792.305101286399,0.8465850815850815,0.8,701.7537585139199,1210.1167235393277,983.0735471692799,2068.1641605542395,786.1055318783999,1.9582546283807691,0.9582546283807691,1.1082546283807693,3414627.3896903237,-957360.3933946444,4,7000.0,113.0,9300,"E,F,G,I","大型,小型,小型,中型"
0.8962703962703962,6792.305101286399,0.8465850815850815,0.8,701.7537585139199,1210.1167235393277,983.0735471692799,2068.1641605542395,786.1055318783999,1.9582546283807691,0.9582546283807691,1.1082546283807693,3414627.3896903237,-957360.3933946444,4,7000.0,113.0,8078,"C,E,F,I","小型,大型,小型,中型"
0.8962703962703962,6792.305101286399,0.8465850815850815,0.8,701.7537585139199,1210.1167235393277,983.0735471692799,2068.1641605542395,786.1055318783999,1.9582546283807691,0.9582546283807691,1.1082546283807693,3414627.3896903237,-957360.3933946444,4,7000.0,113.0,9302,"E,F,G,I","大型,中型,小型,小型"
0.8962703962703962,6792.305101286399,0.8465850815850815,0.8,701.7537585139199,1210.1167235393277,983.0735471692799,2068.1641605542395,786.1055318783999,1.9582546283807691,0.9582546283807691,1.1082546283807693,3414627.3896903247,-957360.3933946444,4,7000.0,113.0,8016,"C,E,F,G","小型,大型,小型,中型"
0.8962703962703962,6792.305101286399,0.8465850815850815,0.8,701.7537585139199,1210.1167235393277,983.0735471692799,2068.1641605542395,786.1055318783999,1.9582546283807691,0.9582546283807691,1.1082546283807693,3414627.389690324,-957360.3933946444,4,7000.0,113.0,8017,"C,E,F,G","小型,大型,中型,小型"
0.8962703962703962,6792.305101286399,0.8465850815850815,0.8,701.7537585139199,1210.1167235393277,983.0735471692799,2068.1641605542395,786.1055318783999,1.9582546283807691,0.9582546283807691,1.1082546283807693,3414627.3896903237,-957360.3933946444,4,7000.0,113.0,9301,"E,F,G,I","大型,小型,中型,小型"
0.8962703962703962,6792.305101286399,0.8465850815850815,0.8,701.7537585139199,1210.1167235393277,983.0735471692799,2068.1641605542395,786.1055318783999,1.9582546283807691,0.9582546283807691,1.1082546283807693,3120627.3896903237,-957360.6873946444,5,7000.0,117.0,14277,"C,E,F,G,I","小型,大型,小型,小型,小型"
0.9999999999999999,7578.410633164799,0.8620745920745919,0.8300000000000001,36.037197416447825,568.3807974873599,0.0,1894.6026582911998,0.0,1.8897199671742493,0.9651745694677232,1.4151745694677236,4298284.575222835,-964110.9509139599,3,6000.0,95.0,1436,"B,D,E","中型,小型,大型"
0.9999999999999999,7578.410633164799,0.9818181818181817,0.9199999999999999,0.0,591.9639634437119,117.91582978176001,1894.6026582911998,0.0,1.790677587673518,0.9707402253105757,1.3854752028387716,4652731.463195458,-969650.9614680024,4,7000.0,113.0,8805,"D,E,G,I","大型,小型,中型,小型"
0.9999999999999999,7578.410633164799,0.8490442890442891,0.8,106.34506296422377,622.436593612032,270.27898062336,1894.6026582911998,0.0,1.929631638237745,0.9722519439555699,1.27225194395557,4914643.856297109,-971190.8841824472,2,5000.0,77.0,362,"F,H","大型,中型"
0.9999999999999999,7578.410633164799,0.9693356643356642,0.9199999999999999,0.0,566.1284726488319,184.16067797376002,1764.3211235135998,0.0,1.5182830951136401,0.9755387530147368,1.2755387530147368,4542065.497333603,-974443.468133606,4,7000.0,113.0,5268,"A,E,F,I","中型,大型,小型,小型"
0.9999999999999999,7578.410633164799,0.8589393939393938,0.8,59.090404587263805,584.014581660672,78.16892086656,1894.6026582911998,0.0,1.3504883385833373,0.9763003468510902,1.5763003468510903,3980787.3939260356,-975251.959172868,4,6000.0,99.0,5907,"B,C,D,H","小型,大型,小型,小型"
0.9999999999999999,7578.410633164799,0.9853729603729603,0.95,0.0,568.3807974873599,0.0,1894.6026582911998,0.0,1.790677587673518,0.9808729698918037,1.3956079474199994,4686419.950537372,-979780.5104253531,4,7000.0,113.0,7100,"B,E,G,I","大型,小型,中型,小型"
0.9999999999999999,7578.410633164799,0.8983776223776224,0.8,39.30527659391994,646.8146977466879,392.16950129663996,1894.6026582911998,0.0,1.5517338660962499,0.9838821144318235,1.2838821144318235,5371685.315143039,-982810.9873687263,2,5000.0,77.0,261,"D,F","中型,大型"
0.9999999999999999,7578.410633164799,0.9517482517482516,0.86,0.0,588.1217622485759,393.49439826048007,1698.0762753215997,0.0,1.8532732207237472,0.9845889694124581,1.2845889694124581,4385273.230384571,-983502.1745576727,4,7000.0,113.0,8213,"C,E,G,J","中型,大型,小型,小型"
0.9999999999999999,7578.410633164799,0.9517482517482516,0.86,0.0,588.1217622485759,393.49439826048007,1698.0762753215997,0.0,1.8532732207237472,0.9845889694124581,1.2845889694124581,4385273.230384571,-983502.1745576727,4,7000.0,113.0,8306,"C,E,I,J","中型,大型,小型,小型"
0.9999999999999999,7578.410633164799,0.9486363636363635,0.8300000000000001,15.722110637567924,588.1217622485759,393.49439826048007,1698.0762753215997,0.0,1.8532732207237472,0.9845889694124581,1.2845889694124581,4356579.2408256885,-983506.2344470866,4,7000.0,113.0,6092,"B,C,E,I","小型,中型,大型,小型"
0.9999999999999999,7578.410633164799,0.9486363636363635,0.8300000000000001,15.722110637567924,588.1217622485759,393.49439826048007,1698.0762753215997,0.0,1.8532732207237472,0.9845889694124581,1.2845889694124581,4356579.2408256885,-983506.2344470866,4,7000.0,113.0,6030,"B,C,E,G","小型,中型,大型,小型"
0.9999999999999999,7578.410633164799,0.9455244755244754,0.8,39.30527659391994,611.7049282049279,511.41022804224,1698.0762753215997,0.0,1.8532732207237472,0.9845889694124581,1.2845889694124581,4327885.251266804,-983511.8665475644,4,7000.0,113.0,8151,"C,E,G,H","中型,大型,小型,小型"
0.9999999999999999,7578.410633164799,0.9455244755244754,0.8,39.30527659391994,611.7049282049279,511.41022804224,1698.0762753215997,0.0,1.8532732207237472,0.9845889694124581,1.2845889694124581,4327885.251266804,-983511.8665475644,4,7000.0,113.0,7589,"C,D,E,G","中型,小型,大型,小型"
0.9999999999999999,7578.410633164799,0.9455244755244754,0.8,39.30527659391994,611.7049282049279,511.41022804224,1698.0762753215997,0.0,1.8532732207237472,0.9845889694124581,1.2845889694124581,4327885.251266804,-983511.8665475644,4,7000.0,113.0,7651,"C,D,E,I","中型,小型,大型,小型"
0.9999999999999999,7578.410633164799,0.9455244755244754,0.8,39.30527659391994,611.7049282049279,511.41022804224,1698.0762753215997,0.0,1.8532732207237472,0.9845889694124581,1.2845889694124581,4327885.251266804,-983511.8665475644,4,7000.0,113.0,8244,"C,E,H,I","中型,大型,小型,小型"
0.8962703962703962,6792.305101286399,0.8625407925407924,0.9199999999999999,668.18970209664,1299.5472685985278,983.0735471692799,2366.2659774182393,786.1055318783999,1.8532732207237472,0.9845889694124581,1.2845889694124581,4301712.196363237,-983693.8048139629,3,6000.0,95.0,2130,"C,E,I","中型,大型,小型"
0.8962703962703962,6792.305101286399,0.8625407925407924,0.9199999999999999,668.18970209664,1299.5472685985278,983.0735471692799,2366.2659774182393,786.1055318783999,1.8532732207237472,0.9845889694124581,1.2845889694124581,3856712.1963632368,-983694.2498139628,3,7000.0,109.0,2131,"C,E,I","中型,大型,中型"
0.8962703962703962,6792.305101286399,0.8625407925407924,0.9199999999999999,668.18970209664,1299.5472685985278,983.0735471692799,2366.2659774182393,786.1055318783999,1.8532732207237472,0.9845889694124581,1.2845889694124581,3562712.1963632368,-983694.5438139628,4,7000.0,113.0,8182,"C,E,G,I","中型,大型,小型,小型"
0.9999999999999999,7578.410633164799,0.852144522144522,0.8,82.67357054361582,607.597747617024,196.08475064832,1894.6026582911998,0.0,1.9352118339209061,0.9851729148336608,1.285172914833661,4951961.906534631,-984109.7336995351,2,5000.0,77.0,191,"C,D","大型,中型"
0.8170163170163168,6191.685144345599,0.7242890442890442,0.8,1317.8308466995195,1839.6635975239676,1641.5473381977597,2726.6379515827193,1386.7254888191997,1.7428571036647387,0.9891941898660541,1.2891941898660542,4244979.613390522,-988478.3785471387,2,4000.0,64.0,35,"A,B","中型,中型"
0.9999999999999999,7578.410633164799,0.8524825174825175,0.8,75.34247401036772,584.014581660672,78.16892086656,1894.6026582911998,0.0,1.9450424507813004,0.9896644394266949,1.2896644394266952,4956039.316004753,-988599.9533328338,2,5000.0,77.0,119,"B,C","大型,中型"
0.9999999999999999,7578.410633164799,0.9581934731934731,0.8,39.30527659391994,553.1444824031998,218.6079990336,1698.0762753215997,0.0,1.7741123614189886,0.9917198315441389,1.291719831544139,4438795.703316506,-990639.1829229686,4,7000.0,113.0,7853,"C,D,G,I","小型,小型,大型,中型"
0.9999999999999999,7578.410633164799,0.8529254079254078,0.8,85.6766703283198,607.597747617024,196.08475064832,1894.6026582911998,0.0,1.9529633353752185,0.9926505412589361,1.2926505412589364,4957001.218862809,-991587.9502847728,2,5000.0,77.0,416,"H,I","大型,中型"
0.9999999999999999,7578.410633164799,0.8545687645687645,0.8,62.09350437196778,584.014581660672,78.16892086656,1894.6026582911998,0.0,1.9529633353752185,0.997585324020613,1.2975853240206132,4973464.274042487,-996519.9854876482,2,5000.0,77.0,173,"B,I","大型,中型"
0.9999999999999999,7578.410633164799,0.9705361305361305,0.9199999999999999,0.0,605.2129330821119,184.16067797376002,1894.6026582911998,0.0,1.4572556579010967,0.9988812550784958,1.4488812550784957,4554571.143551607,-997797.7775643159,4,7000.0,114.0,4492,"A,C,F,I","中型,中型,中型,小型"
0.9999999999999999,7578.410633164799,0.8546620046620047,0.8,74.81251522483186,504.09679680184314,184.16067797376002,1557.5488706903038,0.0,1.5120552171737303,1.0024174598078843,1.3031827464963308,4240565.790057305,-1001350.9996394146,3,6000.0,95.0,661,"A,C,E","大型,小型,中型"
0.9999999999999999,7578.410633164799,0.9757750582750582,0.9199999999999999,0.0,525.056666769792,78.16892086656,1698.0762753215997,0.0,1.797273337933656,1.0035081762243196,1.3035081762243197,4600586.347614194,-1002412.0953882233,4,7000.0,113.0,4201,"A,C,D,I","小型,中型,大型,小型"
0.9999999999999999,7578.410633164799,0.9604545454545454,0.86,0.0,469.01352519935995,178.8610901184,1444.1376905855998,0.0,2.005966205923914,1.0059662059239138,1.1559662059239137,4464011.674073693,-1004865.8058801487,4,7000.0,113.0,8302,"C,E,I,J","中型,小型,大型,小型"
0.9999999999999999,7578.410633164799,0.9604545454545454,0.86,0.0,469.01352519935995,178.8610901184,1444.1376905855998,0.0,2.005966205923914,1.0059662059239138,1.1559662059239137,4464011.674073693,-1004865.8058801487,4,7000.0,113.0,8581,"C,G,I,J","中型,小型,大型,小型"
0.9999999999999999,7578.410633164799,0.9573426573426574,0.8300000000000001,15.722110637567924,469.01352519935995,178.8610901184,1444.1376905855998,0.0,2.005966205923914,1.0059662059239138,1.1559662059239137,4435317.684514811,-1004869.8657695627,4,7000.0,113.0,6306,"B,C,G,I","小型,中型,小型,大型"
0.9999999999999999,7578.410633164799,0.9573426573426574,0.8300000000000001,15.722110637567924,469.01352519935995,178.8610901184,1444.1376905855998,0.0,2.005966205923914,1.0059662059239138,1.1559662059239137,4435317.684514811,-1004869.8657695627,4,7000.0,113.0,6089,"B,C,E,I","小型,中型,小型,大型"
0.9999999999999999,7578.410633164799,0.9542307692307693,0.8,39.30527659391994,492.59669115571194,296.77691990016,1444.1376905855998,0.0,2.005966205923914,1.0059662059239138,1.1559662059239137,4406623.694955926,-1004875.4978700404,4,7000.0,113.0,7865,"C,D,G,I","中型,小型,小型,大型"
0.9999999999999999,7578.410633164799,0.9542307692307693,0.8,39.30527659391994,492.59669115571194,296.77691990016,1444.1376905855998,0.0,2.005966205923914,1.0059662059239138,1.1559662059239137,4406623.694955926,-1004875.4978700404,4,7000.0,113.0,8237,"C,E,H,I","中型,小型,小型,大型"
0.9999999999999999,7578.410633164799,0.9542307692307693,0.8,39.30527659391994,492.59669115571194,296.77691990016,1444.1376905855998,0.0,2.005966205923914,1.0059662059239138,1.1559662059239137,4406623.694955926,-1004875.4978700404,4,7000.0,113.0,8516,"C,G,H,I","中型,小型,小型,大型"
0.9999999999999999,7578.410633164799,0.8882331002331002,0.8,46.37139373439986,620.846717255424,262.32959884032,1894.6026582911998,0.0,1.704644087851855,1.0066196447686673,1.3066196447686673,5277855.223547803,-1005550.7197002908,2,5000.0,77.0,99,"A,I","中型,大型"
0.9999999999999999,7578.410633164799,0.9804428904428902,0.9199999999999999,0.0,555.7147825130496,78.16892086656,1800.2699944657918,0.0,1.8093522574359955,1.0075344827250994,1.3221610490168376,4643627.33195252,-1006440.1442051559,4,7000.0,113.0,3203,"A,B,C,D","小型,小型,大型,中型"
0.9999999999999999,7578.410633164799,0.857191142191142,0.8,59.620363372799844,591.9639634437119,117.91582978176001,1894.6026582911998,0.0,1.9691953971918021,1.0088826030755198,1.3088826030755198,4992684.51999367,-1007817.728597729,2,5000.0,77.0,324,"E,H","中型,大型"
0.9999999999999999,7578.410633164799,0.8593356643356642,0.8,46.37139373439986,584.014581660672,78.16892086656,1894.6026582911998,0.0,1.9529633353752185,1.0105982264132647,1.3105982264132647,5016601.964811498,-1009531.7957199295,2,5000.0,77.0,432,"I,J","中型,大型"
0.9999999999999999,7578.410633164799,0.8588344988344987,0.8300000000000001,36.037197416447825,568.3807974873599,0.0,1894.6026582911998,0.0,1.9691953971918021,1.0138173858371966,1.3138173858371966,5009147.575173348,-1012747.3638006044,2,5000.0,77.0,137,"B,E","大型,中型"
0.9999999999999999,7578.410633164799,0.9679895104895105,0.9199999999999999,0.0,564.2736168994559,274.25367151487995,1698.0762753215997,0.0,1.9053502762581738,1.015843341505889,1.315843341505889,4521426.285125668,-1014750.5828835114,4,7000.0,113.0,3767,"A,B,F,G","小型,中型,大型,小型"
0.9999999999999999,7578.410633164799,0.9679895104895105,0.9199999999999999,0.0,564.2736168994559,274.25367151487995,1698.0762753215997,0.0,1.9053502762581738,1.015843341505889,1.315843341505889,4521426.285125668,-1014750.5828835114,4,7000.0,113.0,3829,"A,B,F,I","小型,中型,大型,小型"
0.9999999999999999,7578.410633164799,0.9066993006993006,0.86,0.0,623.2315317903359,274.25367151487995,1894.6026582911998,0.0,1.5864523365570693,1.018600584892643,1.318600584892643,5448511.493253967,-1017521.5777614309,2,5000.0,77.0,380,"F,J","大型,中型"
0.9999999999999999,7578.410633164799,0.8604662004662004,0.8,43.36829394969588,584.014581660672,78.16892086656,1894.6026582911998,0.0,1.9699303043817256,1.0198913852944802,1.3198913852944805,5028788.084645562,-1018825.1240922398,2,5000.0,77.0,245,"C,J","大型,中型"
0.9999999999999999,7578.410633164799,0.8595337995337994,0.8,39.30527659391994,591.9639634437119,117.91582978176001,1894.6026582911998,0.0,1.987557456447858,1.0220467005120246,1.3220467005120247,5016203.57191884,-1020980.6860352046,2,5000.0,77.0,272,"D,G","大型,中型"
0.9999999999999999,7578.410633164799,0.9812703962703964,0.9199999999999999,0.0,584.014581660672,78.16892086656,1894.6026582911998,0.0,1.6807415612164829,1.0247517736941616,1.4747517736941615,4652608.889408901,-1023667.6143274078,4,7000.0,113.0,5952,"B,C,D,I","大型,小型,小型,中型"
0.9999999999999999,7578.410633164799,0.8636013986013985,0.8300000000000001,20.315086778879902,568.3807974873599,0.0,1894.6026582911998,0.0,1.9699303043817256,1.027075257293156,1.3270752572931563,5052285.265942361,-1026004.1577943374,2,5000.0,77.0,344,"E,J","大型,中型"
0.9999999999999999,7578.410633164799,0.8614452214452213,0.8,39.30527659391994,591.9639634437119,117.91582978176001,1894.6026582911998,0.0,1.987557456447858,1.0272446623315756,1.3272446623315757,5033429.004081078,-1026178.7131364032,2,5000.0,77.0,387,"G,H","中型,大型"
0.9312354312354312,7057.284494054399,0.8977505827505827,0.9199999999999999,442.9572182438399,956.0014858748159,673.0476576307199,1869.4296159782398,521.1261391103999,1.5405410204330543,1.0274141201507503,1.3274141201507503,3936870.1186358053,-1026450.9392635697,4,7000.0,113.0,6870,"B,D,H,J","小型,大型,中型,小型"
0.9999999999999999,7578.410633164799,0.8474708624708625,0.8,107.14000114252778,623.2315317903359,274.25367151487995,1894.6026582911998,0.0,2.028458915071849,1.028458915071849,1.3012110600536226,4901495.833604991,-1027399.8901974851,2,5000.0,77.0,144,"B,F","中型,大型"
0.9999999999999999,7578.410633164799,0.8687762237762235,0.8300000000000001,15.722110637567924,568.3807974873599,0.0,1894.6026582911998,0.0,1.8897199671742493,1.030270941994056,1.6302709419940564,4067781.070661721,-1029218.0303234025,4,6000.0,100.0,5818,"B,C,D,E","中型,小型,小型,中型"
0.9999999999999999,7578.410633164799,0.9822144522144521,0.9199999999999999,0.0,591.9639634437119,117.91582978176001,1894.6026582911998,0.0,1.6980284598352313,1.031905927731682,1.481905927731682,4656950.290021924,-1030822.3979613278,4,7000.0,113.0,7862,"C,D,G,I","小型,大型,中型,小型"
0.9999999999999999,7578.410633164799,0.863088578088578,0.8300000000000001,15.722110637567924,568.3807974873599,0.0,1894.6026582911998,0.0,1.987557456447858,1.0321794450932524,1.3321794450932525,5049892.059260756,-1031108.3483392787,2,5000.0,77.0,155,"B,G","大型,中型"
0.8962703962703962,6792.305101286399,0.741934731934732,0.8,858.9748648895996,1315.1810527718399,1061.24246803584,2366.2659774182393,786.1055318783999,2.0366171733290126,1.0366171733290126,1.1866171733290125,5129235.280063767,-1035755.2637913318,1,3000.0,45.0,9,C,大型
0.9999999999999999,7578.410633164799,0.8572727272727273,0.8,56.79391651660783,587.194334373888,94.06768443264,1894.6026582911998,0.0,1.7490792533317785,1.040584233992714,1.4905842339927142,4707952.325140414,-1039530.1196538521,3,5000.0,82.0,699,"A,C,G","中型,小型,中型"
0.9999999999999999,7578.410633164799,0.8577156177156177,0.8,65.3615835494399,607.597747617024,196.08475064832,1894.6026582911998,0.0,1.5517338660962499,1.0412210975420861,1.4912210975420863,4709272.282139459,-1040168.4684981193,3,5000.0,82.0,2004,"C,D,I","小型,中型,中型"
0.9999999999999999,7578.410633164799,0.9857692307692307,0.95,0.0,568.3807974873599,0.0,1894.6026582911998,0.0,1.6980284598352313,1.04203867231291,1.4920386723129102,4690638.777363839,-1040951.9469186787,4,7000.0,113.0,6325,"B,C,G,I","大型,小型,中型,小型"
0.9999999999999999,7578.410633164799,0.9857692307692307,0.95,0.0,568.3807974873599,0.0,1894.6026582911998,0.0,1.6980284598352313,1.04203867231291,1.4920386723129102,4690638.777363839,-1040951.9469186787,4,7000.0,113.0,5890,"B,C,D,G","大型,小型,小型,中型"
0.9999999999999999,7578.410633164799,0.8596270396270396,0.8,65.3615835494399,607.597747617024,196.08475064832,1894.6026582911998,0.0,1.5595308088255766,1.0490180402714129,1.4990180402714128,4726497.714301697,-1047965.6324479482,3,5000.0,82.0,2326,"C,H,I","小型,中型,中型"
0.9999999999999999,7578.410633164799,0.8644988344988345,0.8,39.30527659391994,591.9639634437119,117.91582978176001,1894.6026582911998,0.0,1.7087483544646438,1.0519751531156343,1.6519751531156344,4030181.9414434824,-1050929.3245634052,4,6000.0,99.0,7581,"C,D,E,G","小型,大型,小型,小型"
0.9999999999999999,7578.410633164799,0.8612703962703963,0.8,41.77841759308789,584.014581660672,78.16892086656,1894.6026582911998,0.0,1.5669329829680916,1.0564202144139279,1.5064202144139278,4742960.769481375,-1055365.2070751446,3,5000.0,82.0,1389,"B,C,I","中型,小型,中型"
0.9999999999999999,7578.410633164799,0.8664102564102563,0.8,39.30527659391994,591.9639634437119,117.91582978176001,1894.6026582911998,0.0,1.7087483544646438,1.0571731149351853,1.6571731149351856,4047407.3736057207,-1056127.351664604,4,6000.0,99.0,8127,"C,E,G,H","小型,小型,小型,大型"
0.9999999999999999,7578.410633164799,0.8619813519813518,0.8,39.30527659391994,591.9639634437119,117.91582978176001,1894.6026582911998,0.0,1.5517338660962499,1.0574531593586698,1.5074531593586697,4744955.583270322,-1056398.2468110756,3,5000.0,82.0,1912,"C,D,E","小型,中型,中型"
0.9999999999999999,7578.410633164799,0.8622144522144523,0.8,39.30527659391994,591.9639634437119,117.91582978176001,1894.6026582911998,0.0,1.5517338660962499,1.0585079961608348,1.508507996160835,4747302.170094396,-1057453.116584834,3,5000.0,82.0,1958,"C,D,G","小型,中型,中型"
0.9999999999999999,7578.410633164799,0.868053613053613,0.8300000000000001,15.722110637567924,568.3807974873599,0.0,1894.6026582911998,0.0,1.7087483544646438,1.062107897696862,1.6621078976968622,4063870.4287853986,-1061056.986867479,4,6000.0,99.0,6044,"B,C,E,G","大型,小型,小型,小型"
0.9999999999999999,7578.410633164799,0.8638927738927737,0.8,39.30527659391994,591.9639634437119,117.91582978176001,1894.6026582911998,0.0,1.5595308088255766,1.0652501020879965,1.5152501020879967,4762181.01543256,-1064195.4107609044,3,5000.0,82.0,2096,"C,E,H","小型,中型,中型"
0.9999999999999999,7578.410633164799,0.864125874125874,0.8,39.30527659391994,591.9639634437119,117.91582978176001,1894.6026582911998,0.0,1.5595308088255766,1.0663049388901615,1.5163049388901615,4764527.602256634,-1065250.2805346628,3,5000.0,82.0,2257,"C,G,H","小型,中型,中型"
0.9999999999999999,7578.410633164799,0.8655361305361304,0.8300000000000001,15.722110637567924,568.3807974873599,0.0,1894.6026582911998,0.0,1.5669329829680916,1.0726522762305115,1.5226522762305117,4778644.070612238,-1071592.585388101,3,5000.0,82.0,1297,"B,C,E","中型,小型,中型"
0.9999999999999999,7578.410633164799,0.9674708624708624,0.9199999999999999,0.0,623.2315317903359,274.25367151487995,1894.6026582911998,0.0,1.8175200932642543,1.0730274464861946,1.3730274464861947,5255643.953532523,-1071939.8052468053,3,6000.0,95.0,1721,"B,F,H","大型,中型,小型"
0.9999999999999999,7578.410633164799,0.9674708624708624,0.9199999999999999,0.0,623.2315317903359,274.25367151487995,1894.6026582911998,0.0,1.8175200932642543,1.0730274464861946,1.3730274464861947,4810643.953532523,-1071940.2502468054,3,7000.0,109.0,1722,"B,F,H","大型,中型,中型"
0.9999999999999999,7578.410633164799,0.8657692307692307,0.8300000000000001,15.722110637567924,568.3807974873599,0.0,1894.6026582911998,0.0,1.5669329829680916,1.0737071130326765,1.5237071130326765,4780990.657436312,-1072647.4551618593,3,5000.0,82.0,1343,"B,C,G","中型,小型,中型"
0.9999999999999999,7578.410633164799,0.866037296037296,0.8,26.05630695551996,584.014581660672,78.16892086656,1894.6026582911998,0.0,1.5864523365570693,1.0759395680029056,1.5259395680029058,4786098.460250386,-1074883.8588908238,3,5000.0,82.0,2372,"C,I,J","小型,中型,中型"
0.8962703962703962,6792.305101286399,0.756993006993007,0.8,760.6675101726717,1256.6206069701116,768.4402390271999,2366.2659774182393,786.1055318783999,2.0764590577751827,1.0764590577751827,1.2264590577751826,5261081.982921477,-1075587.3929046493,1,3000.0,45.0,27,I,大型
0.9999999999999999,7578.410633164799,0.9690442890442891,0.9199999999999999,0.0,622.436593612032,270.27898062336,1894.6026582911998,0.0,1.8215034027775694,1.0770107559995097,1.3770107559995097,4529791.97622464,-1075923.8590019527,4,7000.0,113.0,8448,"C,F,H,J","小型,中型,大型,小型"
0.9999999999999999,7578.410633164799,0.9690442890442891,0.9199999999999999,0.0,622.436593612032,270.27898062336,1894.6026582911998,0.0,1.8215034027775694,1.0770107559995097,1.3770107559995097,4529791.97622464,-1075923.8590019527,4,7000.0,113.0,7236,"B,F,G,H","小型,中型,小型,大型"
0.9999999999999999,7578.410633164799,0.9690442890442891,0.9199999999999999,0.0,622.436593612032,270.27898062336,1894.6026582911998,0.0,1.8215034027775694,1.0770107559995097,1.3770107559995097,4529791.97622464,-1075923.8590019527,4,7000.0,113.0,9670,"F,H,I,J","中型,大型,小型,小型"
0.9999999999999999,7578.410633164799,0.9690442890442891,0.9199999999999999,0.0,622.436593612032,270.27898062336,1894.6026582911998,0.0,1.8215034027775694,1.0770107559995097,1.3770107559995097,4529791.97622464,-1075923.8590019527,4,7000.0,113.0,9604,"F,G,H,J","中型,小型,大型,小型"
0.9999999999999999,7578.410633164799,0.9690442890442891,0.9199999999999999,0.0,622.436593612032,270.27898062336,1894.6026582911998,0.0,1.8215034027775694,1.0770107559995097,1.3770107559995097,4529791.97622464,-1075923.8590019527,4,7000.0,113.0,6952,"B,E,F,H","小型,小型,中型,大型"
0.9999999999999999,7578.410633164799,0.9690442890442891,0.9199999999999999,0.0,622.436593612032,270.27898062336,1894.6026582911998,0.0,1.8215034027775694,1.0770107559995097,1.3770107559995097,4529791.97622464,-1075923.8590019527,4,7000.0,113.0,9378,"E,F,H,J","小型,中型,大型,小型"
0.9999999999999999,7578.410633164799,0.9690442890442891,0.9199999999999999,0.0,622.436593612032,270.27898062336,1894.6026582911998,0.0,1.8215034027775694,1.0770107559995097,1.3770107559995097,4529791.97622464,-1075923.8590019527,4,7000.0,113.0,7332,"B,F,H,I","小型,中型,大型,小型"
0.8962703962703962,6792.305101286399,0.7577855477855477,0.8,759.6075926015997,1259.8003596833278,784.3390025932799,2366.2659774182393,786.1055318783999,2.0789661802511956,1.0789661802511956,1.2289661802511955,5269466.119822163,-1078094.6047156816,1,3000.0,45.0,21,G,大型
0.9999999999999999,7578.410633164799,0.9703496503496503,0.9199999999999999,0.0,622.436593612032,270.27898062336,1894.6026582911998,0.0,1.8252235332330105,1.0807308864549507,1.3807308864549508,5281177.621934196,-1079643.3046362186,3,6000.0,95.0,2526,"D,F,G","大型,中型,小型"
0.9999999999999999,7578.410633164799,0.9703496503496503,0.9199999999999999,0.0,622.436593612032,270.27898062336,1894.6026582911998,0.0,1.8252235332330105,1.0807308864549507,1.3807308864549508,5281177.621934196,-1079643.3046362186,3,6000.0,95.0,2409,"D,E,F","大型,小型,中型"
0.9999999999999999,7578.410633164799,0.9703496503496503,0.9199999999999999,0.0,622.436593612032,270.27898062336,1894.6026582911998,0.0,1.8252235332330105,1.0807308864549507,1.3807308864549508,5281177.621934196,-1079643.3046362186,3,6000.0,95.0,2572,"D,F,I","大型,中型,小型"
0.9999999999999999,7578.410633164799,0.9703496503496503,0.9199999999999999,0.0,622.436593612032,270.27898062336,1894.6026582911998,0.0,1.8252235332330105,1.0807308864549507,1.3807308864549508,4836177.621934196,-1079643.7496362187,3,7000.0,109.0,2527,"D,F,G","大型,中型,中型"
0.9999999999999999,7578.410633164799,0.9703496503496503,0.9199999999999999,0.0,622.436593612032,270.27898062336,1894.6026582911998,0.0,1.8252235332330105,1.0807308864549507,1.3807308864549508,4836177.621934196,-1079643.7496362187,3,7000.0,109.0,2412,"D,E,F","大型,中型,中型"
0.9999999999999999,7578.410633164799,0.9703496503496503,0.9199999999999999,0.0,622.436593612032,270.27898062336,1894.6026582911998,0.0,1.8252235332330105,1.0807308864549507,1.3807308864549508,4836177.621934196,-1079643.7496362187,3,7000.0,109.0,2573,"D,F,I","大型,中型,中型"
0.9999999999999999,7578.410633164799,0.9703496503496503,0.9199999999999999,0.0,622.436593612032,270.27898062336,1894.6026582911998,0.0,1.8252235332330105,1.0807308864549507,1.3807308864549508,4542177.621934196,-1079644.0436362186,4,7000.0,113.0,7800,"C,D,F,J","小型,大型,中型,小型"
0.9999999999999999,7578.410633164799,0.9703496503496503,0.9199999999999999,0.0,622.436593612032,270.27898062336,1894.6026582911998,0.0,1.8252235332330105,1.0807308864549507,1.3807308864549508,4542177.621934196,-1079644.0436362186,4,7000.0,113.0,7738,"C,D,F,H","小型,大型,中型,小型"
0.9999999999999999,7578.410633164799,0.9703496503496503,0.9199999999999999,0.0,622.436593612032,270.27898062336,1894.6026582911998,0.0,1.8252235332330105,1.0807308864549507,1.3807308864549508,4542177.621934196,-1079644.0436362186,4,7000.0,113.0,5838,"B,C,D,F","小型,小型,大型,中型"
0.9999999999999999,7578.410633164799,0.9703496503496503,0.9199999999999999,0.0,622.436593612032,270.27898062336,1894.6026582911998,0.0,1.8252235332330105,1.0807308864549507,1.3807308864549508,4542177.621934196,-1079644.0436362186,4,7000.0,113.0,9023,"D,F,G,J","大型,中型,小型,小型"
0.9999999999999999,7578.410633164799,0.9703496503496503,0.9199999999999999,0.0,622.436593612032,270.27898062336,1894.6026582911998,0.0,1.8252235332330105,1.0807308864549507,1.3807308864549508,4542177.621934196,-1079644.0436362186,4,7000.0,113.0,6684,"B,D,F,I","小型,大型,中型,小型"
0.9999999999999999,7578.410633164799,0.9703496503496503,0.9199999999999999,0.0,622.436593612032,270.27898062336,1894.6026582911998,0.0,1.8252235332330105,1.0807308864549507,1.3807308864549508,4542177.621934196,-1079644.0436362186,4,7000.0,113.0,6622,"B,D,F,G","小型,大型,中型,小型"
0.9999999999999999,7578.410633164799,0.9703496503496503,0.9199999999999999,0.0,622.436593612032,270.27898062336,1894.6026582911998,0.0,1.8252235332330105,1.0807308864549507,1.3807308864549508,4542177.621934196,-1079644.0436362186,4,7000.0,113.0,8681,"D,E,F,H","大型,小型,中型,小型"
0.9999999999999999,7578.410633164799,0.9703496503496503,0.9199999999999999,0.0,622.436593612032,270.27898062336,1894.6026582911998,0.0,1.8252235332330105,1.0807308864549507,1.3807308864549508,4542177.621934196,-1079644.0436362186,4,7000.0,113.0,9054,"D,F,H,I","大型,中型,小型,小型"
0.9999999999999999,7578.410633164799,0.9703496503496503,0.9199999999999999,0.0,622.436593612032,270.27898062336,1894.6026582911998,0.0,1.8252235332330105,1.0807308864549507,1.3807308864549508,4542177.621934196,-1079644.0436362186,4,7000.0,113.0,9116,"D,F,I,J","大型,中型,小型,小型"
0.9999999999999999,7578.410633164799,0.9703496503496503,0.9199999999999999,0.0,622.436593612032,270.27898062336,1894.6026582911998,0.0,1.8252235332330105,1.0807308864549507,1.3807308864549508,4542177.621934196,-1079644.0436362186,4,7000.0,113.0,7551,"C,D,E,F","小型,大型,小型,中型"
0.9999999999999999,7578.410633164799,0.9703496503496503,0.9199999999999999,0.0,622.436593612032,270.27898062336,1894.6026582911998,0.0,1.8252235332330105,1.0807308864549507,1.3807308864549508,4542177.621934196,-1079644.0436362186,4,7000.0,113.0,6466,"B,D,E,F","小型,大型,小型,中型"
0.9999999999999999,7578.410633164799,0.9703496503496503,0.9199999999999999,0.0,622.436593612032,270.27898062336,1894.6026582911998,0.0,1.8252235332330105,1.0807308864549507,1.3807308864549508,4542177.621934196,-1079644.0436362186,4,7000.0,113.0,8992,"D,F,G,I","大型,中型,小型,小型"
0.9999999999999999,7578.410633164799,0.9703496503496503,0.9199999999999999,0.0,622.436593612032,270.27898062336,1894.6026582911998,0.0,1.8252235332330105,1.0807308864549507,1.3807308864549508,4542177.621934196,-1079644.0436362186,4,7000.0,113.0,8650,"D,E,F,G","大型,小型,中型,小型"
0.9999999999999999,7578.410633164799,0.9703496503496503,0.9199999999999999,0.0,622.436593612032,270.27898062336,1894.6026582911998,0.0,1.8252235332330105,1.0807308864549507,1.3807308864549508,4542177.621934196,-1079644.0436362186,4,7000.0,113.0,7707,"C,D,F,G","小型,大型,中型,小型"
0.9999999999999999,7578.410633164799,0.9703496503496503,0.9199999999999999,0.0,622.436593612032,270.27898062336,1894.6026582911998,0.0,1.8252235332330105,1.0807308864549507,1.3807308864549508,4542177.621934196,-1079644.0436362186,4,7000.0,113.0,8743,"D,E,F,J","大型,小型,中型,小型"
0.9999999999999999,7578.410633164799,0.9703496503496503,0.9199999999999999,0.0,622.436593612032,270.27898062336,1894.6026582911998,0.0,1.8252235332330105,1.0807308864549507,1.3807308864549508,4542177.621934196,-1079644.0436362186,4,7000.0,113.0,8712,"D,E,F,I","大型,小型,中型,小型"
0.9999999999999999,7578.410633164799,0.9703496503496503,0.9199999999999999,0.0,622.436593612032,270.27898062336,1894.6026582911998,0.0,1.8252235332330105,1.0807308864549507,1.3807308864549508,4542177.621934196,-1079644.0436362186,4,7000.0,113.0,8961,"D,F,G,H","大型,中型,小型,小型"
0.9999999999999999,7578.410633164799,0.9703496503496503,0.9199999999999999,0.0,622.436593612032,270.27898062336,1894.6026582911998,0.0,1.8252235332330105,1.0807308864549507,1.3807308864549508,4542177.621934196,-1079644.0436362186,4,7000.0,113.0,7769,"C,D,F,I","小型,大型,中型,小型"
0.9999999999999999,7578.410633164799,0.9768764568764569,0.9199999999999999,0.0,587.194334373888,94.06768443264,1894.6026582911998,0.0,2.0855921240598874,1.0855921240598874,1.4718308735221473,4613381.618241478,-1084508.4831292303,4,7000.0,113.0,5395,"A,E,G,J","大型,小型,中型,小型"
0.9999999999999999,7578.410633164799,0.9768764568764569,0.9199999999999999,0.0,587.194334373888,94.06768443264,1894.6026582911998,0.0,2.0855921240598874,1.0855921240598874,1.4718308735221473,4613381.618241478,-1084508.4831292303,4,7000.0,113.0,5364,"A,E,G,I","大型,小型,中型,小型"
0.9999999999999999,7578.410633164799,0.9768764568764569,0.9199999999999999,0.0,587.194334373888,94.06768443264,1894.6026582911998,0.0,2.0855921240598874,1.0855921240598874,1.4718308735221473,4613381.618241478,-1084508.4831292303,4,7000.0,113.0,5333,"A,E,G,H","大型,小型,中型,小型"
0.9999999999999999,7578.410633164799,0.9768764568764569,0.9199999999999999,0.0,587.194334373888,94.06768443264,1894.6026582911998,0.0,2.0855921240598874,1.0855921240598874,1.4718308735221473,4613381.618241478,-1084508.4831292303,4,7000.0,113.0,4774,"A,D,E,G","大型,小型,小型,中型"
0.9999999999999999,7578.410633164799,0.9589102564102564,0.9199999999999999,0.0,625.3513669324799,284.85284722560004,1894.6026582911998,0.0,1.5547325160006562,1.0890553613804896,1.5390553613804898,4449413.838342821,-1087979.6001122422,4,7000.0,113.0,4421,"A,C,F,G","小型,大型,中型,小型"
0.9999999999999999,7578.410633164799,0.9589102564102564,0.9199999999999999,0.0,625.3513669324799,284.85284722560004,1894.6026582911998,0.0,1.5547325160006562,1.0890553613804896,1.5390553613804898,4449413.838342821,-1087979.6001122422,4,7000.0,113.0,4483,"A,C,F,I","小型,大型,中型,小型"
0.8962703962703962,6792.305101286399,0.7508624708624708,0.8,815.6065709399037,1299.5472685985278,983.0735471692799,2366.2659774182393,786.1055318783999,1.9876626639385198,1.0900671904114998,1.3900671904115,4467197.268238017,-1089212.9837693013,2,4000.0,64.0,206,"C,F","中型,中型"
0.9999999999999999,7578.410633164799,0.9851864801864803,0.95,0.0,568.3807974873599,0.0,1894.6026582911998,0.0,1.6100735666518462,1.091307881581599,1.541307881581599,4681126.684709244,-1090224.1917820864,4,7000.0,113.0,8264,"C,E,H,J","小型,大型,小型,中型"
0.9999999999999999,7578.410633164799,0.8703030303030301,0.86,0.0,568.3807974873599,0.0,1894.6026582911998,0.0,1.9699303043817256,1.092171629819489,1.5421716298194892,4821781.761381247,-1091108.83720378,3,5000.0,82.0,2142,"C,E,J","小型,中型,中型"
0.9999999999999999,7578.410633164799,0.8705361305361304,0.86,0.0,568.3807974873599,0.0,1894.6026582911998,0.0,1.5864523365570693,1.0932264666216542,1.5432264666216544,4824128.348205323,-1092163.7069775385,3,5000.0,82.0,2303,"C,G,J","小型,中型,中型"
0.9999999999999999,7578.410633164799,0.8578088578088577,0.8,62.09350437196778,584.014581660672,78.16892086656,1894.6026582911998,0.0,1.9529633353752185,1.0940370162821982,1.5440370162821984,4707101.274091973,-1092986.3424025802,3,5000.0,82.0,1527,"B,D,I","中型,小型,中型"
0.9999999999999999,7578.410633164799,0.8602564102564102,0.8,50.78771694719992,598.85342765568,152.36315084159997,1894.6026582911998,0.0,1.8762829478048328,1.1014515058027492,1.5514515058027494,4723048.97895695,-1100400.6562293496,3,5000.0,82.0,3068,"F,H,J","中型,小型,中型"
0.9999999999999999,7578.410633164799,0.9786713286713287,0.9199999999999999,0.0,598.85342765568,152.36315084159997,1894.6026582911998,0.0,1.84836918020689,1.1038765334288303,1.4038765334288303,5358003.800045127,-1102788.3215947016,3,6000.0,95.0,2810,"E,F,J","小型,中型,大型"
0.9999999999999999,7578.410633164799,0.9786713286713287,0.9199999999999999,0.0,598.85342765568,152.36315084159997,1894.6026582911998,0.0,1.84836918020689,1.1038765334288303,1.4038765334288303,5358003.800045127,-1102788.3215947016,3,6000.0,95.0,3023,"F,G,J","中型,小型,大型"
0.9999999999999999,7578.410633164799,0.9786713286713287,0.9199999999999999,0.0,598.85342765568,152.36315084159997,1894.6026582911998,0.0,1.84836918020689,1.1038765334288303,1.4038765334288303,5358003.800045127,-1102788.3215947016,3,6000.0,95.0,3092,"F,I,J","中型,小型,大型"
0.9999999999999999,7578.410633164799,0.9786713286713287,0.9199999999999999,0.0,598.85342765568,152.36315084159997,1894.6026582911998,0.0,1.84836918020689,1.1038765334288303,1.4038765334288303,4913003.800045127,-1102788.7665947017,3,7000.0,109.0,3095,"F,I,J","中型,中型,大型"
0.9999999999999999,7578.410633164799,0.9786713286713287,0.9199999999999999,0.0,598.85342765568,152.36315084159997,1894.6026582911998,0.0,1.84836918020689,1.1038765334288303,1.4038765334288303,4913003.800045127,-1102788.7665947017,3,7000.0,109.0,3026,"F,G,J","中型,中型,大型"
0.9999999999999999,7578.410633164799,0.9786713286713287,0.9199999999999999,0.0,598.85342765568,152.36315084159997,1894.6026582911998,0.0,1.84836918020689,1.1038765334288303,1.4038765334288303,4913003.800045127,-1102788.7665947017,3,7000.0,109.0,2819,"E,F,J","中型,中型,大型"
0.9999999999999999,7578.410633164799,0.9786713286713287,0.9199999999999999,0.0,598.85342765568,152.36315084159997,1894.6026582911998,0.0,1.84836918020689,1.1038765334288303,1.4038765334288303,4619003.800045127,-1102789.0605947017,4,7000.0,113.0,5655,"A,F,I,J","小型,中型,小型,大型"
0.9999999999999999,7578.410633164799,0.9786713286713287,0.9199999999999999,0.0,598.85342765568,152.36315084159997,1894.6026582911998,0.0,1.84836918020689,1.1038765334288303,1.4038765334288303,4619003.800045127,-1102789.0605947017,4,7000.0,113.0,9406,"E,F,I,J","小型,中型,小型,大型"
0.9999999999999999,7578.410633164799,0.9786713286713287,0.9199999999999999,0.0,598.85342765568,152.36315084159997,1894.6026582911998,0.0,1.84836918020689,1.1038765334288303,1.4038765334288303,4619003.800045127,-1102789.0605947017,4,7000.0,113.0,8099,"C,E,F,J","小型,小型,中型,大型"
0.9999999999999999,7578.410633164799,0.9786713286713287,0.9199999999999999,0.0,598.85342765568,152.36315084159997,1894.6026582911998,0.0,1.84836918020689,1.1038765334288303,1.4038765334288303,4619003.800045127,-1102789.0605947017,4,7000.0,113.0,8383,"C,F,G,J","小型,中型,小型,大型"
0.9999999999999999,7578.410633164799,0.9786713286713287,0.9199999999999999,0.0,598.85342765568,152.36315084159997,1894.6026582911998,0.0,1.84836918020689,1.1038765334288303,1.4038765334288303,4619003.800045127,-1102789.0605947017,4,7000.0,113.0,9313,"E,F,G,J","小型,中型,小型,大型"
0.9999999999999999,7578.410633164799,0.9786713286713287,0.9199999999999999,0.0,598.85342765568,152.36315084159997,1894.6026582911998,0.0,1.84836918020689,1.1038765334288303,1.4038765334288303,4619003.800045127,-1102789.0605947017,4,7000.0,113.0,9663,"F,H,I,J","中型,小型,小型,大型"
0.9999999999999999,7578.410633164799,0.9786713286713287,0.9199999999999999,0.0,598.85342765568,152.36315084159997,1894.6026582911998,0.0,1.84836918020689,1.1038765334288303,1.4038765334288303,4619003.800045127,-1102789.0605947017,4,7000.0,113.0,8476,"C,F,I,J","小型,中型,小型,大型"
0.9999999999999999,7578.410633164799,0.8609207459207459,0.8,46.37139373439986,584.014581660672,78.16892086656,1894.6026582911998,0.0,1.9529633353752185,1.1070064147765741,1.5570064147765743,4735795.263650856,-1105954.8591714518,3,5000.0,82.0,3177,"H,I,J","小型,中型,中型"
0.8962703962703962,6792.305101286399,0.754988344988345,0.8,799.3545015167998,1299.5472685985278,983.0735471692799,2366.2659774182393,786.1055318783999,1.6175618345263514,1.1079240771605054,1.4079240771605055,4506840.034671249,-1107069.1070182966,2,4000.0,64.0,197,"C,E","中型,中型"
0.8076923076923076,6121.0239729407995,0.732074592074592,0.8,1336.3794041932797,1891.4229055779838,1660.0958956915194,2769.0346544255995,1457.3866602239998,1.6444499924597142,1.1087796056536432,1.4087796056536432,4310210.345252729,-1108082.8482294544,2,4000.0,63.0,303,"E,F","小型,大型"
0.9999999999999999,7578.410633164799,0.8620512820512819,0.8,43.36829394969588,584.014581660672,78.16892086656,1894.6026582911998,0.0,1.574941621369132,1.1124626685951442,1.5624626685951442,4747981.38348492,-1111411.0522668127,3,5000.0,82.0,2355,"C,H,J","中型,小型,中型"
0.9999999999999999,7578.410633164799,0.8976806526806526,0.8,46.37139373439986,620.846717255424,262.32959884032,1894.6026582911998,0.0,1.9529633353752185,1.114868071151711,1.414868071151711,5362272.93901513,-1113804.4228649084,2,5000.0,77.0,101,"A,I","大型,中型"
0.9999999999999999,7578.410633164799,0.86518648018648,0.8300000000000001,20.315086778879902,568.3807974873599,0.0,1894.6026582911998,0.0,1.5857174293671457,1.1232384765931578,1.5732384765931577,4771478.564781719,-1122182.237484408,3,5000.0,82.0,2930,"E,H,J","中型,小型,中型"
0.9999999999999999,7578.410633164799,0.9415034965034964,0.86,0.0,517.637243772288,292.80222900864004,1530.2559932351999,0.0,2.1270629420470755,1.1270629420470755,1.2770629420470754,5028464.603605122,-1125973.4624291651,3,6000.0,95.0,2961,"E,I,J","大型,小型,中型"
0.9999999999999999,7578.410633164799,0.9415034965034964,0.86,0.0,517.637243772288,292.80222900864004,1530.2559932351999,0.0,2.1270629420470755,1.1270629420470755,1.2770629420470754,5028464.603605122,-1125973.4624291651,3,6000.0,95.0,2892,"E,G,J","大型,小型,中型"
0.9999999999999999,7578.410633164799,0.9415034965034964,0.86,0.0,517.637243772288,292.80222900864004,1530.2559932351999,0.0,2.1270629420470755,1.1270629420470755,1.2770629420470754,4583964.603605122,-1125973.9069291651,3,7000.0,108.0,2962,"E,I,J","大型,小型,大型"
0.9999999999999999,7578.410633164799,0.9415034965034964,0.86,0.0,517.637243772288,292.80222900864004,1530.2559932351999,0.0,2.1270629420470755,1.1270629420470755,1.2770629420470754,4583964.603605122,-1125973.9069291651,3,7000.0,108.0,2893,"E,G,J","大型,小型,大型"
0.9999999999999999,7578.410633164799,0.9415034965034964,0.86,0.0,517.637243772288,292.80222900864004,1530.2559932351999,0.0,2.1270629420470755,1.1270629420470755,1.2770629420470754,4583464.603605122,-1125973.907429165,3,7000.0,109.0,2895,"E,G,J","大型,中型,中型"
0.9999999999999999,7578.410633164799,0.9415034965034964,0.86,0.0,517.637243772288,292.80222900864004,1530.2559932351999,0.0,2.1270629420470755,1.1270629420470755,1.2770629420470754,4583464.603605122,-1125973.907429165,3,7000.0,109.0,2964,"E,I,J","大型,中型,中型"
0.9999999999999999,7578.410633164799,0.9415034965034964,0.86,0.0,517.637243772288,292.80222900864004,1530.2559932351999,0.0,2.1270629420470755,1.1270629420470755,1.2770629420470754,4289464.603605122,-1125974.201429165,4,7000.0,113.0,8295,"C,E,I,J","小型,大型,小型,中型"
0.9999999999999999,7578.410633164799,0.9415034965034964,0.86,0.0,517.637243772288,292.80222900864004,1530.2559932351999,0.0,2.1270629420470755,1.1270629420470755,1.2770629420470754,4289464.603605122,-1125974.201429165,4,7000.0,113.0,9517,"E,G,I,J","大型,小型,小型,中型"
0.9999999999999999,7578.410633164799,0.9415034965034964,0.86,0.0,517.637243772288,292.80222900864004,1530.2559932351999,0.0,2.1270629420470755,1.1270629420470755,1.2770629420470754,4289464.603605122,-1125974.201429165,4,7000.0,113.0,8109,"C,E,F,J","小型,大型,小型,中型"
0.9999999999999999,7578.410633164799,0.9415034965034964,0.86,0.0,517.637243772288,292.80222900864004,1530.2559932351999,0.0,2.1270629420470755,1.1270629420470755,1.2770629420470754,4289464.603605122,-1125974.201429165,4,7000.0,113.0,8202,"C,E,G,J","小型,大型,小型,中型"
0.9999999999999999,7578.410633164799,0.939149184149184,0.8300000000000001,13.425622566911935,517.637243772288,292.80222900864004,1530.2559932351999,0.0,2.1270629420470755,1.1270629420470755,1.2770629420470754,5007828.765802011,-1125977.2396322908,3,6000.0,95.0,957,"A,E,G","中型,大型,小型"
